,Acc Autocorr,Acc Crosscorr MZ,Acc Crosscorr DZ
0,0.7875,0.35294117647058826,0.041666666666666664
1,0.775,0.4117647058823529,0.041666666666666664
2,0.775,0.29411764705882354,0.041666666666666664
3,0.7625,0.35294117647058826,0.041666666666666664
4,0.8125,0.35294117647058826,0.041666666666666664
5,0.8,0.35294117647058826,0.041666666666666664
6,0.775,0.4117647058823529,0.08333333333333333
7,0.7875,0.35294117647058826,0.041666666666666664
8,0.775,0.4117647058823529,0.041666666666666664
9,0.8,0.35294117647058826,0.041666666666666664
10,0.7625,0.3235294117647059,0.041666666666666664
11,0.775,0.35294117647058826,0.041666666666666664
12,0.75,0.38235294117647056,0.041666666666666664
13,0.75,0.3235294117647059,0.041666666666666664
14,0.775,0.38235294117647056,0.041666666666666664
15,0.8125,0.4411764705882353,0.041666666666666664
16,0.7625,0.4411764705882353,0.041666666666666664
17,0.7875,0.3235294117647059,0.041666666666666664
18,0.7625,0.4117647058823529,0.0
19,0.825,0.4411764705882353,0.041666666666666664
20,0.8,0.4117647058823529,0.041666666666666664
21,0.7875,0.38235294117647056,0.041666666666666664
22,0.8125,0.38235294117647056,0.041666666666666664
23,0.7875,0.3235294117647059,0.041666666666666664
24,0.75,0.4117647058823529,0.041666666666666664
25,0.775,0.38235294117647056,0.041666666666666664
26,0.75,0.38235294117647056,0.041666666666666664
27,0.7625,0.4117647058823529,0.041666666666666664
28,0.7875,0.3235294117647059,0.041666666666666664
29,0.75,0.2647058823529412,0.041666666666666664
30,0.775,0.38235294117647056,0.041666666666666664
31,0.775,0.3235294117647059,0.08333333333333333
32,0.775,0.29411764705882354,0.041666666666666664
33,0.775,0.35294117647058826,0.041666666666666664
34,0.775,0.4117647058823529,0.041666666666666664
35,0.775,0.38235294117647056,0.041666666666666664
36,0.7875,0.4411764705882353,0.041666666666666664
37,0.7625,0.38235294117647056,0.041666666666666664
38,0.7625,0.38235294117647056,0.041666666666666664
39,0.7625,0.35294117647058826,0.08333333333333333
40,0.7625,0.3235294117647059,0.041666666666666664
41,0.7625,0.38235294117647056,0.041666666666666664
42,0.775,0.38235294117647056,0.041666666666666664
43,0.8,0.38235294117647056,0.041666666666666664
44,0.8,0.4117647058823529,0.041666666666666664
45,0.8,0.4117647058823529,0.041666666666666664
46,0.8,0.4117647058823529,0.041666666666666664
47,0.7875,0.35294117647058826,0.08333333333333333
48,0.7625,0.35294117647058826,0.041666666666666664
49,0.7625,0.4117647058823529,0.041666666666666664
50,0.8,0.35294117647058826,0.041666666666666664
51,0.775,0.38235294117647056,0.0
52,0.7625,0.38235294117647056,0.08333333333333333
53,0.775,0.4117647058823529,0.0
54,0.8,0.4411764705882353,0.041666666666666664
55,0.775,0.3235294117647059,0.041666666666666664
56,0.7625,0.35294117647058826,0.041666666666666664
57,0.7875,0.3235294117647059,0.041666666666666664
58,0.75,0.3235294117647059,0.041666666666666664
59,0.75,0.3235294117647059,0.041666666666666664
60,0.7875,0.38235294117647056,0.041666666666666664
61,0.8125,0.4117647058823529,0.08333333333333333
62,0.775,0.47058823529411764,0.0
63,0.775,0.35294117647058826,0.041666666666666664
64,0.8,0.4117647058823529,0.041666666666666664
65,0.7625,0.35294117647058826,0.041666666666666664
66,0.7625,0.38235294117647056,0.041666666666666664
67,0.8,0.35294117647058826,0.041666666666666664
68,0.8125,0.4117647058823529,0.041666666666666664
69,0.8,0.35294117647058826,0.041666666666666664
70,0.775,0.4117647058823529,0.041666666666666664
71,0.7625,0.35294117647058826,0.041666666666666664
72,0.7625,0.35294117647058826,0.041666666666666664
73,0.775,0.38235294117647056,0.0
74,0.7625,0.3235294117647059,0.041666666666666664
75,0.775,0.35294117647058826,0.041666666666666664
76,0.7625,0.38235294117647056,0.041666666666666664
77,0.775,0.38235294117647056,0.041666666666666664
78,0.7625,0.38235294117647056,0.08333333333333333
79,0.775,0.4117647058823529,0.0
80,0.7625,0.35294117647058826,0.041666666666666664
81,0.7875,0.35294117647058826,0.041666666666666664
82,0.7875,0.38235294117647056,0.041666666666666664
83,0.7875,0.4117647058823529,0.041666666666666664
84,0.75,0.3235294117647059,0.041666666666666664
85,0.75,0.35294117647058826,0.041666666666666664
86,0.775,0.38235294117647056,0.08333333333333333
87,0.7875,0.35294117647058826,0.08333333333333333
88,0.775,0.35294117647058826,0.041666666666666664
89,0.8125,0.35294117647058826,0.041666666666666664
90,0.775,0.38235294117647056,0.08333333333333333
91,0.75,0.2647058823529412,0.041666666666666664
92,0.7875,0.38235294117647056,0.08333333333333333
93,0.75,0.35294117647058826,0.041666666666666664
94,0.8,0.38235294117647056,0.041666666666666664
95,0.775,0.38235294117647056,0.08333333333333333
96,0.775,0.38235294117647056,0.041666666666666664
97,0.775,0.35294117647058826,0.041666666666666664
98,0.7875,0.38235294117647056,0.0
99,0.7875,0.35294117647058826,0.041666666666666664
100,0.775,0.38235294117647056,0.041666666666666664
101,0.775,0.38235294117647056,0.041666666666666664
102,0.7875,0.38235294117647056,0.08333333333333333
103,0.7875,0.38235294117647056,0.041666666666666664
104,0.775,0.4117647058823529,0.041666666666666664
105,0.7625,0.35294117647058826,0.08333333333333333
106,0.7625,0.4411764705882353,0.041666666666666664
107,0.7625,0.3235294117647059,0.08333333333333333
108,0.7625,0.4117647058823529,0.041666666666666664
109,0.7625,0.2647058823529412,0.041666666666666664
110,0.8,0.4117647058823529,0.041666666666666664
111,0.775,0.4117647058823529,0.041666666666666664
112,0.7875,0.3235294117647059,0.041666666666666664
113,0.775,0.4117647058823529,0.0
114,0.7875,0.38235294117647056,0.041666666666666664
115,0.7625,0.3235294117647059,0.041666666666666664
116,0.7625,0.38235294117647056,0.041666666666666664
117,0.8,0.35294117647058826,0.041666666666666664
118,0.7625,0.35294117647058826,0.041666666666666664
119,0.8,0.35294117647058826,0.041666666666666664
120,0.7625,0.4411764705882353,0.0
121,0.7625,0.38235294117647056,0.041666666666666664
122,0.7625,0.3235294117647059,0.041666666666666664
123,0.7625,0.4117647058823529,0.041666666666666664
124,0.775,0.35294117647058826,0.041666666666666664
125,0.7625,0.3235294117647059,0.041666666666666664
126,0.775,0.4117647058823529,0.041666666666666664
127,0.7625,0.35294117647058826,0.041666666666666664
128,0.775,0.38235294117647056,0.041666666666666664
129,0.775,0.38235294117647056,0.041666666666666664
130,0.7625,0.35294117647058826,0.041666666666666664
131,0.7625,0.29411764705882354,0.041666666666666664
132,0.7625,0.35294117647058826,0.041666666666666664
133,0.7875,0.38235294117647056,0.041666666666666664
134,0.7875,0.4117647058823529,0.041666666666666664
135,0.7625,0.35294117647058826,0.041666666666666664
136,0.7625,0.35294117647058826,0.041666666666666664
137,0.8,0.38235294117647056,0.041666666666666664
138,0.7625,0.3235294117647059,0.041666666666666664
139,0.7875,0.4117647058823529,0.0
140,0.7875,0.35294117647058826,0.08333333333333333
141,0.7625,0.4117647058823529,0.041666666666666664
142,0.7875,0.4117647058823529,0.041666666666666664
143,0.75,0.35294117647058826,0.041666666666666664
144,0.7625,0.4117647058823529,0.041666666666666664
145,0.7875,0.38235294117647056,0.041666666666666664
146,0.8,0.4411764705882353,0.0
147,0.7625,0.38235294117647056,0.041666666666666664
148,0.775,0.38235294117647056,0.041666666666666664
149,0.8125,0.4117647058823529,0.08333333333333333
150,0.8,0.4117647058823529,0.041666666666666664
151,0.7625,0.35294117647058826,0.041666666666666664
152,0.7625,0.35294117647058826,0.041666666666666664
153,0.7875,0.38235294117647056,0.041666666666666664
154,0.7625,0.4117647058823529,0.041666666666666664
155,0.75,0.38235294117647056,0.041666666666666664
156,0.8125,0.38235294117647056,0.041666666666666664
157,0.7625,0.38235294117647056,0.041666666666666664
158,0.775,0.38235294117647056,0.041666666666666664
159,0.7875,0.35294117647058826,0.041666666666666664
160,0.775,0.29411764705882354,0.041666666666666664
161,0.8125,0.35294117647058826,0.041666666666666664
162,0.7625,0.4117647058823529,0.041666666666666664
163,0.7875,0.35294117647058826,0.041666666666666664
164,0.7875,0.29411764705882354,0.041666666666666664
165,0.7875,0.4117647058823529,0.041666666666666664
166,0.7625,0.35294117647058826,0.041666666666666664
167,0.7875,0.38235294117647056,0.041666666666666664
168,0.8,0.35294117647058826,0.041666666666666664
169,0.775,0.35294117647058826,0.041666666666666664
170,0.7875,0.3235294117647059,0.041666666666666664
171,0.775,0.3235294117647059,0.041666666666666664
172,0.7625,0.38235294117647056,0.041666666666666664
173,0.7625,0.35294117647058826,0.041666666666666664
174,0.7625,0.3235294117647059,0.041666666666666664
175,0.7625,0.4117647058823529,0.041666666666666664
176,0.775,0.38235294117647056,0.041666666666666664
177,0.8,0.29411764705882354,0.041666666666666664
178,0.7875,0.35294117647058826,0.041666666666666664
179,0.775,0.35294117647058826,0.041666666666666664
180,0.775,0.35294117647058826,0.041666666666666664
181,0.775,0.35294117647058826,0.041666666666666664
182,0.8,0.35294117647058826,0.041666666666666664
183,0.7625,0.4117647058823529,0.041666666666666664
184,0.775,0.4117647058823529,0.0
185,0.8,0.4411764705882353,0.041666666666666664
186,0.7875,0.38235294117647056,0.041666666666666664
187,0.775,0.38235294117647056,0.08333333333333333
188,0.775,0.35294117647058826,0.041666666666666664
189,0.7625,0.4117647058823529,0.041666666666666664
190,0.8,0.38235294117647056,0.041666666666666664
191,0.8,0.4117647058823529,0.041666666666666664
192,0.8,0.35294117647058826,0.041666666666666664
193,0.775,0.35294117647058826,0.041666666666666664
194,0.775,0.4117647058823529,0.041666666666666664
195,0.7875,0.38235294117647056,0.041666666666666664
196,0.775,0.3235294117647059,0.041666666666666664
197,0.8,0.4411764705882353,0.041666666666666664
198,0.8,0.38235294117647056,0.041666666666666664
199,0.775,0.35294117647058826,0.041666666666666664
200,0.7875,0.4117647058823529,0.041666666666666664
201,0.8,0.38235294117647056,0.041666666666666664
202,0.8,0.4411764705882353,0.0
203,0.775,0.38235294117647056,0.041666666666666664
204,0.7625,0.35294117647058826,0.041666666666666664
205,0.7875,0.4411764705882353,0.041666666666666664
206,0.75,0.35294117647058826,0.041666666666666664
207,0.7625,0.35294117647058826,0.08333333333333333
208,0.7625,0.38235294117647056,0.041666666666666664
209,0.8,0.38235294117647056,0.041666666666666664
210,0.775,0.29411764705882354,0.041666666666666664
211,0.7625,0.4411764705882353,0.041666666666666664
212,0.8125,0.38235294117647056,0.041666666666666664
213,0.7875,0.4117647058823529,0.041666666666666664
214,0.775,0.35294117647058826,0.041666666666666664
215,0.8,0.35294117647058826,0.041666666666666664
216,0.775,0.35294117647058826,0.041666666666666664
217,0.7875,0.4117647058823529,0.041666666666666664
218,0.8125,0.4117647058823529,0.041666666666666664
219,0.7875,0.4117647058823529,0.08333333333333333
220,0.775,0.3235294117647059,0.041666666666666664
221,0.775,0.38235294117647056,0.041666666666666664
222,0.775,0.38235294117647056,0.041666666666666664
223,0.775,0.38235294117647056,0.041666666666666664
224,0.75,0.3235294117647059,0.041666666666666664
225,0.775,0.38235294117647056,0.041666666666666664
226,0.775,0.38235294117647056,0.041666666666666664
227,0.775,0.35294117647058826,0.041666666666666664
228,0.75,0.3235294117647059,0.041666666666666664
229,0.7625,0.3235294117647059,0.041666666666666664
230,0.7875,0.35294117647058826,0.041666666666666664
231,0.775,0.3235294117647059,0.041666666666666664
232,0.7625,0.35294117647058826,0.041666666666666664
233,0.7875,0.38235294117647056,0.08333333333333333
234,0.7875,0.3235294117647059,0.041666666666666664
235,0.7875,0.4411764705882353,0.0
236,0.75,0.35294117647058826,0.041666666666666664
237,0.7625,0.4117647058823529,0.041666666666666664
238,0.775,0.38235294117647056,0.0
239,0.775,0.4411764705882353,0.041666666666666664
240,0.7875,0.38235294117647056,0.041666666666666664
241,0.7625,0.3235294117647059,0.08333333333333333
242,0.775,0.38235294117647056,0.0
243,0.7625,0.29411764705882354,0.041666666666666664
244,0.7625,0.4117647058823529,0.041666666666666664
245,0.7875,0.4411764705882353,0.041666666666666664
246,0.75,0.35294117647058826,0.041666666666666664
247,0.825,0.38235294117647056,0.08333333333333333
248,0.7625,0.38235294117647056,0.08333333333333333
249,0.775,0.38235294117647056,0.08333333333333333
250,0.75,0.35294117647058826,0.041666666666666664
251,0.7625,0.38235294117647056,0.041666666666666664
252,0.775,0.35294117647058826,0.041666666666666664
253,0.7625,0.4117647058823529,0.041666666666666664
254,0.7875,0.4117647058823529,0.041666666666666664
255,0.775,0.38235294117647056,0.08333333333333333
256,0.8,0.3235294117647059,0.041666666666666664
257,0.7875,0.4411764705882353,0.08333333333333333
258,0.775,0.4411764705882353,0.08333333333333333
259,0.7625,0.35294117647058826,0.041666666666666664
260,0.8,0.35294117647058826,0.041666666666666664
261,0.8,0.4117647058823529,0.041666666666666664
262,0.7875,0.35294117647058826,0.041666666666666664
263,0.7875,0.35294117647058826,0.041666666666666664
264,0.7625,0.4117647058823529,0.08333333333333333
265,0.7875,0.4117647058823529,0.041666666666666664
266,0.7625,0.35294117647058826,0.041666666666666664
267,0.75,0.29411764705882354,0.041666666666666664
268,0.7625,0.35294117647058826,0.0
269,0.775,0.4117647058823529,0.041666666666666664
270,0.7625,0.35294117647058826,0.041666666666666664
271,0.7875,0.38235294117647056,0.041666666666666664
272,0.775,0.38235294117647056,0.041666666666666664
273,0.7625,0.4117647058823529,0.041666666666666664
274,0.75,0.38235294117647056,0.041666666666666664
275,0.8,0.4117647058823529,0.041666666666666664
276,0.775,0.35294117647058826,0.041666666666666664
277,0.7625,0.4117647058823529,0.041666666666666664
278,0.8125,0.38235294117647056,0.041666666666666664
279,0.7875,0.35294117647058826,0.041666666666666664
280,0.7625,0.35294117647058826,0.041666666666666664
281,0.75,0.38235294117647056,0.041666666666666664
282,0.7625,0.4117647058823529,0.041666666666666664
283,0.775,0.35294117647058826,0.041666666666666664
284,0.7625,0.38235294117647056,0.0
285,0.7625,0.29411764705882354,0.041666666666666664
286,0.7625,0.4117647058823529,0.041666666666666664
287,0.775,0.4117647058823529,0.041666666666666664
288,0.8,0.38235294117647056,0.041666666666666664
289,0.7875,0.4411764705882353,0.08333333333333333
290,0.7875,0.38235294117647056,0.041666666666666664
291,0.7625,0.35294117647058826,0.041666666666666664
292,0.8125,0.4117647058823529,0.041666666666666664
293,0.775,0.3235294117647059,0.041666666666666664
294,0.7625,0.35294117647058826,0.08333333333333333
295,0.8125,0.35294117647058826,0.041666666666666664
296,0.7625,0.29411764705882354,0.041666666666666664
297,0.7875,0.38235294117647056,0.041666666666666664
298,0.775,0.4117647058823529,0.08333333333333333
299,0.8,0.38235294117647056,0.08333333333333333
300,0.7875,0.4117647058823529,0.041666666666666664
301,0.775,0.4117647058823529,0.08333333333333333
302,0.775,0.38235294117647056,0.041666666666666664
303,0.7625,0.38235294117647056,0.041666666666666664
304,0.775,0.4117647058823529,0.041666666666666664
305,0.8,0.4117647058823529,0.041666666666666664
306,0.775,0.4411764705882353,0.041666666666666664
307,0.7625,0.35294117647058826,0.041666666666666664
308,0.8,0.38235294117647056,0.041666666666666664
309,0.7625,0.35294117647058826,0.08333333333333333
310,0.7625,0.4117647058823529,0.08333333333333333
311,0.825,0.35294117647058826,0.041666666666666664
312,0.8125,0.38235294117647056,0.041666666666666664
313,0.775,0.4117647058823529,0.041666666666666664
314,0.75,0.38235294117647056,0.041666666666666664
315,0.775,0.3235294117647059,0.041666666666666664
316,0.775,0.38235294117647056,0.041666666666666664
317,0.775,0.3235294117647059,0.041666666666666664
318,0.7875,0.38235294117647056,0.041666666666666664
319,0.75,0.4117647058823529,0.041666666666666664
320,0.8,0.38235294117647056,0.041666666666666664
321,0.7875,0.38235294117647056,0.0
322,0.7875,0.35294117647058826,0.0
323,0.7875,0.4117647058823529,0.08333333333333333
324,0.7625,0.38235294117647056,0.08333333333333333
325,0.8125,0.38235294117647056,0.041666666666666664
326,0.7625,0.4117647058823529,0.08333333333333333
327,0.8125,0.3235294117647059,0.041666666666666664
328,0.7625,0.3235294117647059,0.041666666666666664
329,0.7875,0.38235294117647056,0.041666666666666664
330,0.8125,0.4117647058823529,0.0
331,0.825,0.4117647058823529,0.08333333333333333
332,0.775,0.35294117647058826,0.041666666666666664
333,0.7625,0.3235294117647059,0.041666666666666664
334,0.7875,0.38235294117647056,0.041666666666666664
335,0.775,0.4117647058823529,0.041666666666666664
336,0.8,0.4117647058823529,0.041666666666666664
337,0.7875,0.35294117647058826,0.041666666666666664
338,0.775,0.35294117647058826,0.0
339,0.775,0.4117647058823529,0.08333333333333333
340,0.7875,0.3235294117647059,0.041666666666666664
341,0.7625,0.38235294117647056,0.041666666666666664
342,0.775,0.38235294117647056,0.041666666666666664
343,0.8,0.35294117647058826,0.041666666666666664
344,0.8,0.4117647058823529,0.041666666666666664
345,0.7625,0.35294117647058826,0.041666666666666664
346,0.7875,0.35294117647058826,0.041666666666666664
347,0.7625,0.35294117647058826,0.041666666666666664
348,0.7625,0.35294117647058826,0.041666666666666664
349,0.7875,0.4117647058823529,0.041666666666666664
350,0.7625,0.35294117647058826,0.041666666666666664
351,0.7875,0.38235294117647056,0.08333333333333333
352,0.7625,0.3235294117647059,0.041666666666666664
353,0.7625,0.3235294117647059,0.041666666666666664
354,0.7625,0.29411764705882354,0.041666666666666664
355,0.775,0.4411764705882353,0.0
356,0.75,0.38235294117647056,0.041666666666666664
357,0.8,0.4117647058823529,0.041666666666666664
358,0.8,0.35294117647058826,0.041666666666666664
359,0.7625,0.3235294117647059,0.041666666666666664
360,0.8,0.4117647058823529,0.041666666666666664
361,0.7625,0.4117647058823529,0.041666666666666664
362,0.7625,0.4117647058823529,0.08333333333333333
363,0.8,0.4117647058823529,0.0
364,0.7875,0.35294117647058826,0.041666666666666664
365,0.75,0.35294117647058826,0.041666666666666664
366,0.7625,0.35294117647058826,0.041666666666666664
367,0.775,0.35294117647058826,0.0
368,0.75,0.35294117647058826,0.041666666666666664
369,0.7875,0.35294117647058826,0.041666666666666664
370,0.7625,0.4117647058823529,0.041666666666666664
371,0.775,0.38235294117647056,0.041666666666666664
372,0.7625,0.35294117647058826,0.041666666666666664
373,0.7875,0.3235294117647059,0.041666666666666664
374,0.7875,0.38235294117647056,0.041666666666666664
375,0.7875,0.4411764705882353,0.041666666666666664
376,0.7875,0.3235294117647059,0.041666666666666664
377,0.7625,0.3235294117647059,0.041666666666666664
378,0.7625,0.29411764705882354,0.041666666666666664
379,0.7875,0.38235294117647056,0.041666666666666664
380,0.775,0.38235294117647056,0.041666666666666664
381,0.7625,0.2647058823529412,0.041666666666666664
382,0.75,0.38235294117647056,0.041666666666666664
383,0.775,0.35294117647058826,0.041666666666666664
384,0.7875,0.35294117647058826,0.041666666666666664
385,0.775,0.35294117647058826,0.041666666666666664
386,0.775,0.3235294117647059,0.041666666666666664
387,0.75,0.35294117647058826,0.041666666666666664
388,0.7625,0.3235294117647059,0.041666666666666664
389,0.8,0.35294117647058826,0.041666666666666664
390,0.7625,0.38235294117647056,0.041666666666666664
391,0.7625,0.35294117647058826,0.08333333333333333
392,0.7875,0.35294117647058826,0.041666666666666664
393,0.8,0.35294117647058826,0.041666666666666664
394,0.8,0.4411764705882353,0.041666666666666664
395,0.7875,0.38235294117647056,0.041666666666666664
396,0.775,0.35294117647058826,0.0
397,0.775,0.35294117647058826,0.041666666666666664
398,0.775,0.35294117647058826,0.041666666666666664
399,0.7875,0.4117647058823529,0.041666666666666664
400,0.775,0.38235294117647056,0.041666666666666664
401,0.8125,0.4117647058823529,0.041666666666666664
402,0.75,0.29411764705882354,0.041666666666666664
403,0.7625,0.29411764705882354,0.041666666666666664
404,0.775,0.35294117647058826,0.041666666666666664
405,0.75,0.29411764705882354,0.041666666666666664
406,0.8,0.3235294117647059,0.041666666666666664
407,0.7625,0.4117647058823529,0.041666666666666664
408,0.775,0.4117647058823529,0.041666666666666664
409,0.775,0.38235294117647056,0.041666666666666664
410,0.775,0.38235294117647056,0.08333333333333333
411,0.775,0.38235294117647056,0.08333333333333333
412,0.7875,0.35294117647058826,0.041666666666666664
413,0.775,0.35294117647058826,0.041666666666666664
414,0.775,0.4117647058823529,0.041666666666666664
415,0.7625,0.29411764705882354,0.041666666666666664
416,0.775,0.38235294117647056,0.041666666666666664
417,0.775,0.4117647058823529,0.041666666666666664
418,0.7625,0.35294117647058826,0.041666666666666664
419,0.75,0.3235294117647059,0.041666666666666664
420,0.7625,0.3235294117647059,0.041666666666666664
421,0.75,0.38235294117647056,0.041666666666666664
422,0.825,0.4411764705882353,0.041666666666666664
423,0.825,0.38235294117647056,0.08333333333333333
424,0.775,0.4117647058823529,0.041666666666666664
425,0.7875,0.4411764705882353,0.041666666666666664
426,0.8125,0.29411764705882354,0.041666666666666664
427,0.7625,0.4117647058823529,0.08333333333333333
428,0.75,0.35294117647058826,0.041666666666666664
429,0.7625,0.38235294117647056,0.041666666666666664
430,0.7875,0.38235294117647056,0.041666666666666664
431,0.7625,0.38235294117647056,0.041666666666666664
432,0.7625,0.38235294117647056,0.041666666666666664
433,0.75,0.3235294117647059,0.041666666666666664
434,0.7625,0.35294117647058826,0.041666666666666664
435,0.7625,0.35294117647058826,0.08333333333333333
436,0.75,0.38235294117647056,0.041666666666666664
437,0.7875,0.4411764705882353,0.041666666666666664
438,0.8,0.4411764705882353,0.041666666666666664
439,0.7875,0.4117647058823529,0.041666666666666664
440,0.8125,0.4117647058823529,0.0
441,0.775,0.35294117647058826,0.041666666666666664
442,0.775,0.38235294117647056,0.041666666666666664
443,0.7625,0.38235294117647056,0.041666666666666664
444,0.75,0.29411764705882354,0.041666666666666664
445,0.775,0.35294117647058826,0.041666666666666664
446,0.775,0.38235294117647056,0.041666666666666664
447,0.775,0.3235294117647059,0.041666666666666664
448,0.775,0.38235294117647056,0.041666666666666664
449,0.75,0.4117647058823529,0.041666666666666664
450,0.75,0.3235294117647059,0.041666666666666664
451,0.75,0.3235294117647059,0.041666666666666664
452,0.775,0.35294117647058826,0.041666666666666664
453,0.775,0.35294117647058826,0.08333333333333333
454,0.775,0.4117647058823529,0.041666666666666664
455,0.75,0.35294117647058826,0.041666666666666664
456,0.75,0.4411764705882353,0.041666666666666664
457,0.775,0.3235294117647059,0.041666666666666664
458,0.775,0.38235294117647056,0.08333333333333333
459,0.775,0.35294117647058826,0.041666666666666664
460,0.7625,0.38235294117647056,0.041666666666666664
461,0.8,0.29411764705882354,0.041666666666666664
462,0.7875,0.35294117647058826,0.041666666666666664
463,0.775,0.35294117647058826,0.041666666666666664
464,0.7625,0.35294117647058826,0.041666666666666664
465,0.775,0.3235294117647059,0.041666666666666664
466,0.7625,0.35294117647058826,0.041666666666666664
467,0.8,0.38235294117647056,0.041666666666666664
468,0.7625,0.3235294117647059,0.041666666666666664
469,0.7625,0.35294117647058826,0.041666666666666664
470,0.75,0.35294117647058826,0.041666666666666664
471,0.775,0.35294117647058826,0.041666666666666664
472,0.775,0.38235294117647056,0.08333333333333333
473,0.8125,0.38235294117647056,0.041666666666666664
474,0.775,0.38235294117647056,0.041666666666666664
475,0.825,0.4117647058823529,0.041666666666666664
476,0.7625,0.4411764705882353,0.041666666666666664
477,0.775,0.4117647058823529,0.041666666666666664
478,0.7625,0.4117647058823529,0.041666666666666664
479,0.7875,0.38235294117647056,0.041666666666666664
480,0.775,0.4117647058823529,0.0
481,0.7625,0.4117647058823529,0.041666666666666664
482,0.7625,0.35294117647058826,0.041666666666666664
483,0.7625,0.29411764705882354,0.041666666666666664
484,0.8125,0.38235294117647056,0.08333333333333333
485,0.7875,0.38235294117647056,0.041666666666666664
486,0.775,0.4117647058823529,0.0
487,0.75,0.35294117647058826,0.041666666666666664
488,0.775,0.38235294117647056,0.08333333333333333
489,0.75,0.38235294117647056,0.041666666666666664
490,0.8125,0.4117647058823529,0.041666666666666664
491,0.825,0.4117647058823529,0.08333333333333333
492,0.7875,0.35294117647058826,0.041666666666666664
493,0.75,0.35294117647058826,0.041666666666666664
494,0.85,0.38235294117647056,0.041666666666666664
495,0.775,0.4117647058823529,0.041666666666666664
496,0.775,0.4117647058823529,0.08333333333333333
497,0.8125,0.4411764705882353,0.08333333333333333
498,0.7625,0.3235294117647059,0.041666666666666664
499,0.75,0.35294117647058826,0.041666666666666664
500,0.7625,0.35294117647058826,0.041666666666666664
501,0.8,0.38235294117647056,0.08333333333333333
502,0.7625,0.35294117647058826,0.041666666666666664
503,0.7625,0.4117647058823529,0.041666666666666664
504,0.7875,0.38235294117647056,0.08333333333333333
505,0.775,0.35294117647058826,0.041666666666666664
506,0.775,0.38235294117647056,0.041666666666666664
507,0.7875,0.35294117647058826,0.041666666666666664
508,0.7625,0.35294117647058826,0.041666666666666664
509,0.7625,0.3235294117647059,0.041666666666666664
510,0.7875,0.4411764705882353,0.0
511,0.7625,0.3235294117647059,0.041666666666666664
512,0.775,0.3235294117647059,0.041666666666666664
513,0.7875,0.38235294117647056,0.08333333333333333
514,0.8125,0.38235294117647056,0.041666666666666664
515,0.7625,0.38235294117647056,0.041666666666666664
516,0.8,0.4117647058823529,0.08333333333333333
517,0.775,0.35294117647058826,0.041666666666666664
518,0.775,0.35294117647058826,0.041666666666666664
519,0.775,0.38235294117647056,0.041666666666666664
520,0.7625,0.3235294117647059,0.041666666666666664
521,0.775,0.38235294117647056,0.041666666666666664
522,0.775,0.38235294117647056,0.0
523,0.7625,0.3235294117647059,0.041666666666666664
524,0.7625,0.38235294117647056,0.041666666666666664
525,0.7875,0.38235294117647056,0.08333333333333333
526,0.7625,0.38235294117647056,0.041666666666666664
527,0.7625,0.4117647058823529,0.041666666666666664
528,0.8125,0.4117647058823529,0.041666666666666664
529,0.7625,0.3235294117647059,0.041666666666666664
530,0.825,0.4117647058823529,0.041666666666666664
531,0.775,0.4117647058823529,0.08333333333333333
532,0.7875,0.35294117647058826,0.041666666666666664
533,0.775,0.4117647058823529,0.041666666666666664
534,0.7875,0.35294117647058826,0.08333333333333333
535,0.775,0.35294117647058826,0.041666666666666664
536,0.775,0.4117647058823529,0.041666666666666664
537,0.7875,0.4411764705882353,0.041666666666666664
538,0.7625,0.38235294117647056,0.041666666666666664
539,0.825,0.4117647058823529,0.041666666666666664
540,0.7625,0.3235294117647059,0.041666666666666664
541,0.7625,0.3235294117647059,0.041666666666666664
542,0.775,0.29411764705882354,0.041666666666666664
543,0.8125,0.38235294117647056,0.041666666666666664
544,0.8,0.3235294117647059,0.041666666666666664
545,0.7625,0.38235294117647056,0.041666666666666664
546,0.8125,0.35294117647058826,0.041666666666666664
547,0.8,0.35294117647058826,0.041666666666666664
548,0.75,0.38235294117647056,0.041666666666666664
549,0.7625,0.35294117647058826,0.041666666666666664
550,0.7875,0.38235294117647056,0.041666666666666664
551,0.7875,0.38235294117647056,0.041666666666666664
552,0.7625,0.35294117647058826,0.041666666666666664
553,0.75,0.4117647058823529,0.041666666666666664
554,0.75,0.4117647058823529,0.041666666666666664
555,0.775,0.4411764705882353,0.08333333333333333
556,0.7625,0.35294117647058826,0.0
557,0.775,0.3235294117647059,0.041666666666666664
558,0.8,0.35294117647058826,0.041666666666666664
559,0.8125,0.38235294117647056,0.041666666666666664
560,0.7625,0.3235294117647059,0.041666666666666664
561,0.7625,0.3235294117647059,0.041666666666666664
562,0.775,0.4117647058823529,0.08333333333333333
563,0.775,0.38235294117647056,0.041666666666666664
564,0.7625,0.38235294117647056,0.041666666666666664
565,0.825,0.3235294117647059,0.041666666666666664
566,0.7875,0.4117647058823529,0.041666666666666664
567,0.775,0.35294117647058826,0.08333333333333333
568,0.8125,0.4117647058823529,0.08333333333333333
569,0.75,0.29411764705882354,0.041666666666666664
570,0.775,0.38235294117647056,0.041666666666666664
571,0.8,0.35294117647058826,0.041666666666666664
572,0.775,0.35294117647058826,0.041666666666666664
573,0.775,0.38235294117647056,0.08333333333333333
574,0.7875,0.4117647058823529,0.0
575,0.7625,0.35294117647058826,0.041666666666666664
576,0.7625,0.38235294117647056,0.041666666666666664
577,0.775,0.38235294117647056,0.041666666666666664
578,0.775,0.35294117647058826,0.041666666666666664
579,0.775,0.38235294117647056,0.041666666666666664
580,0.75,0.35294117647058826,0.041666666666666664
581,0.8125,0.38235294117647056,0.041666666666666664
582,0.775,0.35294117647058826,0.0
583,0.7875,0.38235294117647056,0.041666666666666664
584,0.8,0.4117647058823529,0.041666666666666664
585,0.775,0.4117647058823529,0.08333333333333333
586,0.7875,0.4117647058823529,0.041666666666666664
587,0.775,0.4411764705882353,0.041666666666666664
588,0.7875,0.38235294117647056,0.041666666666666664
589,0.7625,0.38235294117647056,0.041666666666666664
590,0.7875,0.38235294117647056,0.041666666666666664
591,0.7875,0.4117647058823529,0.041666666666666664
592,0.775,0.35294117647058826,0.0
593,0.7875,0.35294117647058826,0.0
594,0.7875,0.3235294117647059,0.041666666666666664
595,0.775,0.38235294117647056,0.041666666666666664
596,0.7875,0.35294117647058826,0.041666666666666664
597,0.775,0.38235294117647056,0.041666666666666664
598,0.7875,0.38235294117647056,0.041666666666666664
599,0.775,0.4117647058823529,0.041666666666666664
600,0.7875,0.4117647058823529,0.041666666666666664
601,0.775,0.4411764705882353,0.08333333333333333
602,0.775,0.4411764705882353,0.041666666666666664
603,0.775,0.38235294117647056,0.041666666666666664
604,0.7625,0.38235294117647056,0.041666666666666664
605,0.7625,0.4117647058823529,0.041666666666666664
606,0.7875,0.35294117647058826,0.041666666666666664
607,0.7625,0.38235294117647056,0.041666666666666664
608,0.7625,0.4117647058823529,0.041666666666666664
609,0.75,0.29411764705882354,0.041666666666666664
610,0.8,0.4117647058823529,0.041666666666666664
611,0.75,0.35294117647058826,0.041666666666666664
612,0.7625,0.4117647058823529,0.041666666666666664
613,0.7625,0.38235294117647056,0.041666666666666664
614,0.7875,0.4117647058823529,0.08333333333333333
615,0.7625,0.38235294117647056,0.0
616,0.7625,0.38235294117647056,0.08333333333333333
617,0.85,0.4411764705882353,0.041666666666666664
618,0.7625,0.29411764705882354,0.041666666666666664
619,0.775,0.4117647058823529,0.041666666666666664
620,0.7625,0.4117647058823529,0.041666666666666664
621,0.7625,0.35294117647058826,0.041666666666666664
622,0.75,0.38235294117647056,0.041666666666666664
623,0.8125,0.3235294117647059,0.041666666666666664
624,0.7625,0.29411764705882354,0.041666666666666664
625,0.7625,0.3235294117647059,0.041666666666666664
626,0.7625,0.38235294117647056,0.041666666666666664
627,0.775,0.38235294117647056,0.041666666666666664
628,0.7875,0.38235294117647056,0.041666666666666664
629,0.7625,0.35294117647058826,0.041666666666666664
630,0.825,0.4117647058823529,0.041666666666666664
631,0.7875,0.35294117647058826,0.041666666666666664
632,0.775,0.3235294117647059,0.041666666666666664
633,0.7875,0.35294117647058826,0.08333333333333333
634,0.7625,0.38235294117647056,0.041666666666666664
635,0.7875,0.38235294117647056,0.0
636,0.7625,0.4117647058823529,0.08333333333333333
637,0.75,0.3235294117647059,0.041666666666666664
638,0.775,0.4117647058823529,0.041666666666666664
639,0.7875,0.38235294117647056,0.0
640,0.8,0.35294117647058826,0.041666666666666664
641,0.7625,0.35294117647058826,0.041666666666666664
642,0.7875,0.4117647058823529,0.041666666666666664
643,0.775,0.35294117647058826,0.041666666666666664
644,0.7625,0.35294117647058826,0.041666666666666664
645,0.7625,0.35294117647058826,0.0
646,0.75,0.35294117647058826,0.041666666666666664
647,0.775,0.35294117647058826,0.041666666666666664
648,0.775,0.35294117647058826,0.041666666666666664
649,0.7625,0.38235294117647056,0.041666666666666664
650,0.775,0.4117647058823529,0.08333333333333333
651,0.7875,0.4117647058823529,0.041666666666666664
652,0.75,0.3235294117647059,0.041666666666666664
653,0.775,0.38235294117647056,0.041666666666666664
654,0.7625,0.35294117647058826,0.041666666666666664
655,0.7875,0.38235294117647056,0.041666666666666664
656,0.775,0.38235294117647056,0.041666666666666664
657,0.8375,0.38235294117647056,0.041666666666666664
658,0.775,0.35294117647058826,0.041666666666666664
659,0.8,0.4117647058823529,0.0
660,0.7625,0.3235294117647059,0.041666666666666664
661,0.75,0.2647058823529412,0.041666666666666664
662,0.75,0.35294117647058826,0.041666666666666664
663,0.7875,0.4117647058823529,0.041666666666666664
664,0.7625,0.35294117647058826,0.041666666666666664
665,0.7875,0.4117647058823529,0.041666666666666664
666,0.7625,0.35294117647058826,0.08333333333333333
667,0.775,0.4411764705882353,0.041666666666666664
668,0.75,0.35294117647058826,0.041666666666666664
669,0.775,0.3235294117647059,0.0
670,0.7625,0.35294117647058826,0.041666666666666664
671,0.7625,0.3235294117647059,0.041666666666666664
672,0.775,0.3235294117647059,0.041666666666666664
673,0.75,0.3235294117647059,0.041666666666666664
674,0.825,0.4117647058823529,0.041666666666666664
675,0.8,0.38235294117647056,0.041666666666666664
676,0.775,0.35294117647058826,0.041666666666666664
677,0.7875,0.3235294117647059,0.08333333333333333
678,0.7875,0.35294117647058826,0.041666666666666664
679,0.825,0.4117647058823529,0.08333333333333333
680,0.7625,0.3235294117647059,0.041666666666666664
681,0.8125,0.4117647058823529,0.041666666666666664
682,0.75,0.3235294117647059,0.041666666666666664
683,0.8,0.38235294117647056,0.041666666666666664
684,0.775,0.38235294117647056,0.08333333333333333
685,0.7625,0.3235294117647059,0.041666666666666664
686,0.7875,0.38235294117647056,0.041666666666666664
687,0.8125,0.4117647058823529,0.08333333333333333
688,0.7875,0.4117647058823529,0.0
689,0.775,0.38235294117647056,0.041666666666666664
690,0.825,0.38235294117647056,0.041666666666666664
691,0.7625,0.35294117647058826,0.041666666666666664
692,0.7625,0.2647058823529412,0.041666666666666664
693,0.7875,0.4117647058823529,0.08333333333333333
694,0.75,0.4117647058823529,0.041666666666666664
695,0.7875,0.4117647058823529,0.041666666666666664
696,0.825,0.35294117647058826,0.041666666666666664
697,0.7625,0.35294117647058826,0.041666666666666664
698,0.7625,0.4117647058823529,0.041666666666666664
699,0.8375,0.38235294117647056,0.041666666666666664
700,0.8,0.4117647058823529,0.041666666666666664
701,0.775,0.38235294117647056,0.041666666666666664
702,0.8125,0.47058823529411764,0.041666666666666664
703,0.7625,0.4117647058823529,0.041666666666666664
704,0.775,0.35294117647058826,0.041666666666666664
705,0.7875,0.38235294117647056,0.041666666666666664
706,0.8,0.35294117647058826,0.041666666666666664
707,0.775,0.4117647058823529,0.08333333333333333
708,0.75,0.38235294117647056,0.041666666666666664
709,0.7875,0.3235294117647059,0.041666666666666664
710,0.775,0.4117647058823529,0.08333333333333333
711,0.8,0.4117647058823529,0.041666666666666664
712,0.75,0.2647058823529412,0.041666666666666664
713,0.7875,0.38235294117647056,0.041666666666666664
714,0.775,0.4117647058823529,0.041666666666666664
715,0.7625,0.4411764705882353,0.041666666666666664
716,0.8125,0.3235294117647059,0.041666666666666664
717,0.7875,0.4411764705882353,0.041666666666666664
718,0.775,0.3235294117647059,0.041666666666666664
719,0.7625,0.3235294117647059,0.041666666666666664
720,0.7625,0.3235294117647059,0.041666666666666664
721,0.825,0.38235294117647056,0.041666666666666664
722,0.8,0.35294117647058826,0.041666666666666664
723,0.7625,0.35294117647058826,0.041666666666666664
724,0.775,0.35294117647058826,0.041666666666666664
725,0.7875,0.35294117647058826,0.08333333333333333
726,0.8125,0.3235294117647059,0.041666666666666664
727,0.775,0.4117647058823529,0.041666666666666664
728,0.775,0.4117647058823529,0.08333333333333333
729,0.7625,0.3235294117647059,0.041666666666666664
730,0.8,0.38235294117647056,0.041666666666666664
731,0.775,0.35294117647058826,0.041666666666666664
732,0.825,0.4411764705882353,0.08333333333333333
733,0.8,0.35294117647058826,0.041666666666666664
734,0.8,0.38235294117647056,0.041666666666666664
735,0.775,0.38235294117647056,0.08333333333333333
736,0.7625,0.35294117647058826,0.041666666666666664
737,0.775,0.38235294117647056,0.041666666666666664
738,0.7875,0.38235294117647056,0.041666666666666664
739,0.775,0.3235294117647059,0.041666666666666664
740,0.775,0.38235294117647056,0.08333333333333333
741,0.775,0.35294117647058826,0.041666666666666664
742,0.7625,0.38235294117647056,0.041666666666666664
743,0.775,0.38235294117647056,0.0
744,0.7625,0.38235294117647056,0.041666666666666664
745,0.75,0.38235294117647056,0.041666666666666664
746,0.75,0.38235294117647056,0.041666666666666664
747,0.775,0.29411764705882354,0.041666666666666664
748,0.775,0.3235294117647059,0.041666666666666664
749,0.775,0.38235294117647056,0.041666666666666664
750,0.7875,0.35294117647058826,0.041666666666666664
751,0.7625,0.4117647058823529,0.041666666666666664
752,0.775,0.35294117647058826,0.041666666666666664
753,0.8,0.4117647058823529,0.041666666666666664
754,0.775,0.3235294117647059,0.041666666666666664
755,0.75,0.35294117647058826,0.041666666666666664
756,0.8,0.35294117647058826,0.041666666666666664
757,0.7625,0.38235294117647056,0.041666666666666664
758,0.775,0.38235294117647056,0.0
759,0.8125,0.38235294117647056,0.041666666666666664
760,0.8,0.4117647058823529,0.041666666666666664
761,0.775,0.4411764705882353,0.041666666666666664
762,0.7875,0.4411764705882353,0.041666666666666664
763,0.775,0.35294117647058826,0.041666666666666664
764,0.775,0.4411764705882353,0.041666666666666664
765,0.825,0.38235294117647056,0.041666666666666664
766,0.775,0.35294117647058826,0.041666666666666664
767,0.75,0.4117647058823529,0.041666666666666664
768,0.7625,0.35294117647058826,0.041666666666666664
769,0.775,0.4117647058823529,0.041666666666666664
770,0.7625,0.38235294117647056,0.041666666666666664
771,0.7625,0.4117647058823529,0.041666666666666664
772,0.7625,0.3235294117647059,0.041666666666666664
773,0.75,0.35294117647058826,0.041666666666666664
774,0.7625,0.35294117647058826,0.041666666666666664
775,0.775,0.35294117647058826,0.041666666666666664
776,0.75,0.29411764705882354,0.041666666666666664
777,0.775,0.4117647058823529,0.041666666666666664
778,0.75,0.29411764705882354,0.041666666666666664
779,0.7875,0.38235294117647056,0.08333333333333333
780,0.7625,0.3235294117647059,0.041666666666666664
781,0.7625,0.38235294117647056,0.041666666666666664
782,0.775,0.38235294117647056,0.041666666666666664
783,0.775,0.38235294117647056,0.041666666666666664
784,0.7875,0.38235294117647056,0.041666666666666664
785,0.8125,0.35294117647058826,0.041666666666666664
786,0.75,0.3235294117647059,0.041666666666666664
787,0.7875,0.4117647058823529,0.041666666666666664
788,0.7625,0.35294117647058826,0.041666666666666664
789,0.775,0.35294117647058826,0.0
790,0.7875,0.38235294117647056,0.041666666666666664
791,0.8,0.4117647058823529,0.041666666666666664
792,0.75,0.38235294117647056,0.041666666666666664
793,0.775,0.35294117647058826,0.041666666666666664
794,0.75,0.3235294117647059,0.041666666666666664
795,0.75,0.4117647058823529,0.041666666666666664
796,0.7625,0.38235294117647056,0.041666666666666664
797,0.8,0.38235294117647056,0.041666666666666664
798,0.8,0.38235294117647056,0.041666666666666664
799,0.775,0.38235294117647056,0.041666666666666664
800,0.7625,0.38235294117647056,0.041666666666666664
801,0.7875,0.4117647058823529,0.08333333333333333
802,0.775,0.35294117647058826,0.041666666666666664
803,0.7625,0.3235294117647059,0.041666666666666664
804,0.7875,0.4117647058823529,0.08333333333333333
805,0.775,0.35294117647058826,0.041666666666666664
806,0.7875,0.35294117647058826,0.041666666666666664
807,0.7875,0.4411764705882353,0.041666666666666664
808,0.75,0.3235294117647059,0.041666666666666664
809,0.775,0.3235294117647059,0.041666666666666664
810,0.775,0.4117647058823529,0.041666666666666664
811,0.7625,0.38235294117647056,0.041666666666666664
812,0.7625,0.4117647058823529,0.041666666666666664
813,0.775,0.35294117647058826,0.041666666666666664
814,0.7875,0.3235294117647059,0.041666666666666664
815,0.75,0.35294117647058826,0.041666666666666664
816,0.775,0.3235294117647059,0.041666666666666664
817,0.8,0.38235294117647056,0.041666666666666664
818,0.7625,0.38235294117647056,0.041666666666666664
819,0.7625,0.38235294117647056,0.041666666666666664
820,0.7875,0.4411764705882353,0.041666666666666664
821,0.7875,0.38235294117647056,0.041666666666666664
822,0.775,0.4117647058823529,0.041666666666666664
823,0.8,0.4411764705882353,0.041666666666666664
824,0.7625,0.4117647058823529,0.041666666666666664
825,0.7625,0.38235294117647056,0.0
826,0.7875,0.38235294117647056,0.041666666666666664
827,0.7625,0.38235294117647056,0.041666666666666664
828,0.8125,0.4117647058823529,0.041666666666666664
829,0.7875,0.4117647058823529,0.08333333333333333
830,0.75,0.38235294117647056,0.041666666666666664
831,0.825,0.3235294117647059,0.041666666666666664
832,0.775,0.38235294117647056,0.041666666666666664
833,0.775,0.35294117647058826,0.041666666666666664
834,0.775,0.3235294117647059,0.041666666666666664
835,0.8,0.3235294117647059,0.041666666666666664
836,0.7875,0.4117647058823529,0.08333333333333333
837,0.7625,0.35294117647058826,0.08333333333333333
838,0.7625,0.38235294117647056,0.041666666666666664
839,0.8,0.4411764705882353,0.041666666666666664
840,0.775,0.38235294117647056,0.041666666666666664
841,0.775,0.35294117647058826,0.041666666666666664
842,0.7625,0.3235294117647059,0.041666666666666664
843,0.7875,0.35294117647058826,0.041666666666666664
844,0.7625,0.29411764705882354,0.041666666666666664
845,0.7625,0.35294117647058826,0.041666666666666664
846,0.7875,0.4117647058823529,0.0
847,0.825,0.35294117647058826,0.0
848,0.7625,0.35294117647058826,0.041666666666666664
849,0.775,0.35294117647058826,0.041666666666666664
850,0.7875,0.4411764705882353,0.041666666666666664
851,0.8,0.38235294117647056,0.041666666666666664
852,0.775,0.4117647058823529,0.041666666666666664
853,0.75,0.35294117647058826,0.041666666666666664
854,0.75,0.3235294117647059,0.041666666666666664
855,0.75,0.3235294117647059,0.041666666666666664
856,0.7625,0.38235294117647056,0.041666666666666664
857,0.7625,0.3235294117647059,0.08333333333333333
858,0.775,0.4411764705882353,0.08333333333333333
859,0.825,0.47058823529411764,0.041666666666666664
860,0.7625,0.3235294117647059,0.041666666666666664
861,0.7625,0.35294117647058826,0.041666666666666664
862,0.7625,0.38235294117647056,0.041666666666666664
863,0.7875,0.38235294117647056,0.041666666666666664
864,0.7875,0.4117647058823529,0.041666666666666664
865,0.775,0.3235294117647059,0.041666666666666664
866,0.7625,0.35294117647058826,0.041666666666666664
867,0.7625,0.38235294117647056,0.041666666666666664
868,0.8125,0.38235294117647056,0.041666666666666664
869,0.7875,0.38235294117647056,0.041666666666666664
870,0.7625,0.3235294117647059,0.041666666666666664
871,0.775,0.38235294117647056,0.041666666666666664
872,0.7875,0.4117647058823529,0.0
873,0.7625,0.35294117647058826,0.041666666666666664
874,0.8,0.29411764705882354,0.041666666666666664
875,0.7875,0.38235294117647056,0.041666666666666664
876,0.775,0.3235294117647059,0.041666666666666664
877,0.7625,0.35294117647058826,0.041666666666666664
878,0.75,0.3235294117647059,0.041666666666666664
879,0.8,0.4117647058823529,0.08333333333333333
880,0.775,0.35294117647058826,0.041666666666666664
881,0.75,0.35294117647058826,0.041666666666666664
882,0.8,0.38235294117647056,0.041666666666666664
883,0.7625,0.38235294117647056,0.041666666666666664
884,0.7625,0.3235294117647059,0.041666666666666664
885,0.775,0.38235294117647056,0.041666666666666664
886,0.775,0.35294117647058826,0.0
887,0.7625,0.4411764705882353,0.041666666666666664
888,0.775,0.4117647058823529,0.0
889,0.75,0.4117647058823529,0.041666666666666664
890,0.775,0.3235294117647059,0.041666666666666664
891,0.75,0.3235294117647059,0.041666666666666664
892,0.8,0.4117647058823529,0.041666666666666664
893,0.8125,0.38235294117647056,0.08333333333333333
894,0.7875,0.3235294117647059,0.08333333333333333
895,0.8,0.4117647058823529,0.041666666666666664
896,0.7625,0.4411764705882353,0.041666666666666664
897,0.8,0.4117647058823529,0.041666666666666664
898,0.7625,0.4411764705882353,0.0
899,0.775,0.29411764705882354,0.041666666666666664
900,0.775,0.38235294117647056,0.0
901,0.75,0.29411764705882354,0.041666666666666664
902,0.8,0.38235294117647056,0.041666666666666664
903,0.8125,0.4117647058823529,0.041666666666666664
904,0.7625,0.35294117647058826,0.041666666666666664
905,0.7625,0.3235294117647059,0.041666666666666664
906,0.775,0.3235294117647059,0.041666666666666664
907,0.75,0.38235294117647056,0.041666666666666664
908,0.775,0.4117647058823529,0.0
909,0.775,0.38235294117647056,0.041666666666666664
910,0.775,0.38235294117647056,0.0
911,0.7625,0.35294117647058826,0.041666666666666664
912,0.7625,0.3235294117647059,0.041666666666666664
913,0.775,0.35294117647058826,0.041666666666666664
914,0.7625,0.35294117647058826,0.041666666666666664
915,0.7875,0.3235294117647059,0.041666666666666664
916,0.7875,0.38235294117647056,0.08333333333333333
917,0.7875,0.3235294117647059,0.041666666666666664
918,0.7875,0.35294117647058826,0.041666666666666664
919,0.8,0.38235294117647056,0.041666666666666664
920,0.7875,0.4411764705882353,0.041666666666666664
921,0.8125,0.38235294117647056,0.041666666666666664
922,0.775,0.35294117647058826,0.0
923,0.775,0.38235294117647056,0.08333333333333333
924,0.75,0.38235294117647056,0.041666666666666664
925,0.7625,0.3235294117647059,0.041666666666666664
926,0.775,0.38235294117647056,0.041666666666666664
927,0.7875,0.4117647058823529,0.041666666666666664
928,0.775,0.38235294117647056,0.041666666666666664
929,0.7875,0.35294117647058826,0.041666666666666664
930,0.75,0.3235294117647059,0.041666666666666664
931,0.7625,0.3235294117647059,0.041666666666666664
932,0.7625,0.35294117647058826,0.041666666666666664
933,0.75,0.2647058823529412,0.041666666666666664
934,0.75,0.3235294117647059,0.041666666666666664
935,0.75,0.38235294117647056,0.041666666666666664
936,0.75,0.3235294117647059,0.041666666666666664
937,0.7625,0.3235294117647059,0.041666666666666664
938,0.75,0.35294117647058826,0.041666666666666664
939,0.7625,0.35294117647058826,0.041666666666666664
940,0.7875,0.4411764705882353,0.08333333333333333
941,0.7625,0.35294117647058826,0.041666666666666664
942,0.7625,0.38235294117647056,0.041666666666666664
943,0.75,0.38235294117647056,0.041666666666666664
944,0.7875,0.35294117647058826,0.041666666666666664
945,0.775,0.35294117647058826,0.08333333333333333
946,0.775,0.38235294117647056,0.041666666666666664
947,0.8125,0.38235294117647056,0.08333333333333333
948,0.7875,0.4411764705882353,0.041666666666666664
949,0.775,0.38235294117647056,0.041666666666666664
950,0.7625,0.35294117647058826,0.041666666666666664
951,0.775,0.4411764705882353,0.0
952,0.7625,0.35294117647058826,0.041666666666666664
953,0.7625,0.38235294117647056,0.041666666666666664
954,0.7625,0.4411764705882353,0.08333333333333333
955,0.7625,0.38235294117647056,0.041666666666666664
956,0.8,0.38235294117647056,0.041666666666666664
957,0.7625,0.3235294117647059,0.041666666666666664
958,0.7625,0.4117647058823529,0.041666666666666664
959,0.775,0.3235294117647059,0.041666666666666664
960,0.7625,0.38235294117647056,0.041666666666666664
961,0.8125,0.35294117647058826,0.041666666666666664
962,0.775,0.38235294117647056,0.041666666666666664
963,0.775,0.38235294117647056,0.0
964,0.7875,0.38235294117647056,0.08333333333333333
965,0.775,0.3235294117647059,0.041666666666666664
966,0.825,0.4117647058823529,0.041666666666666664
967,0.7625,0.4117647058823529,0.041666666666666664
968,0.8,0.38235294117647056,0.041666666666666664
969,0.775,0.35294117647058826,0.041666666666666664
970,0.775,0.4117647058823529,0.08333333333333333
971,0.8,0.38235294117647056,0.08333333333333333
972,0.8,0.38235294117647056,0.041666666666666664
973,0.775,0.38235294117647056,0.041666666666666664
974,0.775,0.4117647058823529,0.041666666666666664
975,0.8,0.35294117647058826,0.041666666666666664
976,0.7875,0.35294117647058826,0.041666666666666664
977,0.7625,0.35294117647058826,0.041666666666666664
978,0.8,0.4117647058823529,0.041666666666666664
979,0.7625,0.35294117647058826,0.041666666666666664
980,0.7875,0.35294117647058826,0.041666666666666664
981,0.8,0.35294117647058826,0.041666666666666664
982,0.775,0.38235294117647056,0.041666666666666664
983,0.7625,0.4117647058823529,0.041666666666666664
984,0.7875,0.4117647058823529,0.0
985,0.7625,0.38235294117647056,0.041666666666666664
986,0.75,0.3235294117647059,0.041666666666666664
987,0.75,0.38235294117647056,0.041666666666666664
988,0.8,0.38235294117647056,0.041666666666666664
989,0.7625,0.3235294117647059,0.041666666666666664
990,0.775,0.38235294117647056,0.041666666666666664
991,0.8,0.4117647058823529,0.041666666666666664
992,0.7625,0.38235294117647056,0.041666666666666664
993,0.75,0.3235294117647059,0.041666666666666664
994,0.75,0.4117647058823529,0.041666666666666664
995,0.775,0.38235294117647056,0.041666666666666664
996,0.775,0.38235294117647056,0.041666666666666664
997,0.775,0.4117647058823529,0.041666666666666664
998,0.8,0.38235294117647056,0.041666666666666664
999,0.7875,0.4411764705882353,0.0
