,Autocorr_MZ,Autocorr_DZ,Autocorr_NT,Crosscorr MZ,Crosscorr DZ,Crosscorr NT
0,0.9747975078926552,0.9766447763519588,0.9863307654266327,0.897285976548925,0.8878085712327702,0.8867188792803784
1,0.9717293281208937,0.9808470893331436,0.9576229705054157,0.9102081901016241,0.8956738958058624,0.8671641467022133
2,0.9364957198248782,0.9828520700698096,0.9870581678236492,0.7359163021474251,0.9200575927775484,0.8955392942153562
3,0.797197121461495,0.9798957639720223,0.9822876738901161,0.8702611921473805,0.9169217857727794,0.9053799991815739
4,0.9745717537891202,0.9855456808341423,0.9785872274017648,0.92509551874645,0.9055134468390851,0.8898679504945679
5,0.7557049675917706,0.9829080864918494,0.9741086518589146,0.7042701621551806,0.9097410148335144,0.8814804984116513
6,0.9880926734102164,0.9836108727409787,0.9769849538623024,0.9280032964408611,0.899331922227316,0.8813611580681465
7,0.9775438921815252,0.9730966396889983,0.8420247891337179,0.9221441563132496,0.9207704836408374,0.882085415298814
8,0.9638889144557243,0.9812521277466577,0.9620414584759006,0.9190199788089338,0.8269714432947415,0.8844770315839527
9,0.9367475981959368,0.7936250262550756,0.9809463048301559,0.8768760427114746,0.6369556295001095,0.9078641235807625
10,0.9861189581583751,0.9849225323384434,0.9690548917643904,0.9175301421895143,0.9010076192773322,0.8762976616744595
11,0.9825826839927347,0.9731034321348603,0.9854207919167066,0.9187691289478306,0.8842028618799713,0.8853950660488469
12,0.9831198138786249,0.9784061069160187,0.9830974004898205,0.9114939925402064,0.8874814506532218,0.8704409170716663
13,0.9754375840214975,0.9849429602487525,0.9824577070310005,0.9346451213082942,0.8899119353607505,0.8564011855404536
14,0.9835602203348632,0.9793216073500712,0.9708566313278599,0.9177063708250973,0.9217139111872827,0.8825804733034996
15,0.9795084567246006,0.9836725826652168,0.9741997811108976,0.9305609431969076,0.9102097864556353,0.8682553650245355
16,0.9877751703554507,0.9859879829451723,0.9858469258370641,0.9396160706838255,0.9022279308254673,0.9000790104648809
17,0.9855694090207396,0.9877264735669039,0.9154419585211062,0.939166999428557,0.8989029840133225,0.8760602073881757
18,0.986375577262979,0.9174042810955014,0.9738162000857661,0.9261027579679322,0.8917919518678765,0.8858442999629752
19,0.9697851386980769,0.9825331792442296,0.971395903856781,0.9109431290182792,0.922573871060484,0.8729445952882331
20,0.9801348288610148,0.9836460568716516,0.9752781263943975,0.9195068495695742,0.9212209109965075,0.8929721081739919
21,0.9847836699758746,0.9815940033484738,0.9840266646895391,0.9205381578934488,0.9222092962612451,0.8995512870560705
22,0.9694208916364151,0.884607152435341,0.9845515053335796,0.9074449977972698,0.9037376522466054,0.8849618038918989
23,0.9847556543440615,0.9797221284968863,0.9842211064208574,0.9107338121122387,0.7966310885067834,0.9106844630008595
24,0.8469412970697638,0.9033024251821984,0.7961649201402644,0.9310956588898467,0.8630790585672223,0.8801362224311466
25,0.9837082377928722,0.8895029937405334,,0.8027989530815582,0.8958306671821799,0.8804095936462024
26,0.9819277417429972,,,0.8960056772056133,,0.8704608612636302
27,0.9295959888659879,,,0.864382803022267,,0.9137402529142868
28,0.9855159938861913,,,0.9053740787992195,,0.8732806626895611
29,0.984321880112786,,,0.9027690344827317,,0.9006484477958165
30,0.9650709269273843,,,0.9150092030886308,,0.8811553246272842
31,0.7870074366099846,,,0.7552601831538295,,0.9012659582196663
32,0.9843209047952283,,,0.9272171662478892,,0.881134245525037
33,0.9810829980867541,,,0.9208404787445514,,0.7893507363841517
34,0.9804647709517635,,,0.8974654827219501,,0.8953461385662833
35,0.9793869990800735,,,0.8959712925074523,,0.8975034370918883
36,0.9809774318421485,,,0.9230546377082796,,0.868656326679816
37,0.9777514373215983,,,0.9218553789186611,,0.8975244172461017
38,,,,,,0.899626414782877
39,,,,,,0.8776863816160254
40,,,,,,0.8635802380831794
41,,,,,,0.89606120484373
42,,,,,,0.8988939227282886
43,,,,,,0.9079436419852613
44,,,,,,0.8496428830443257
45,,,,,,0.8706898070476919
46,,,,,,0.8686546989280768
47,,,,,,0.8833793463221087
48,,,,,,0.8858253120509716
49,,,,,,0.8630112117521436
50,,,,,,0.9022765928115053
51,,,,,,0.8600996074849798
52,,,,,,0.8906107159182529
53,,,,,,0.8958675598837571
54,,,,,,0.912198423428183
55,,,,,,0.9152914180064169
56,,,,,,0.7839976946015461
57,,,,,,0.889950598060117
58,,,,,,0.8804896096816937
59,,,,,,0.854407951732832
60,,,,,,0.881100099832494
61,,,,,,0.9037709884349183
62,,,,,,0.8956628761378049
63,,,,,,0.8862172945534996
64,,,,,,0.8746823879254042
65,,,,,,0.9018781167213661
66,,,,,,0.8970731216994026
67,,,,,,0.9019729539246572
68,,,,,,0.8463093668653129
69,,,,,,0.9057935556306015
70,,,,,,0.879734077520665
71,,,,,,0.8867835737931253
72,,,,,,0.7473877493302585
73,,,,,,0.882394325705157
74,,,,,,0.8631148566758573
75,,,,,,0.8943416959165754
76,,,,,,0.8995421188944556
77,,,,,,0.8958216200244421
78,,,,,,0.899268797638684
79,,,,,,0.8017135769864212
80,,,,,,0.8627848925485897
81,,,,,,0.9085345852233062
82,,,,,,0.8841427793868781
83,,,,,,0.8694582377778515
84,,,,,,0.8077832840385881
85,,,,,,0.9068279192934937
86,,,,,,0.7605165573936286
87,,,,,,0.8938649915326544
88,,,,,,0.8778145805309349
89,,,,,,0.8612720108664889
90,,,,,,0.8720684883935399
91,,,,,,0.8900479845732124
92,,,,,,0.8845216541232349
93,,,,,,0.880267912326858
94,,,,,,0.8722473993710864
95,,,,,,0.8771047942102488
96,,,,,,0.8791026699051341
97,,,,,,0.8860856855565589
98,,,,,,0.8806783812732519
99,,,,,,0.8832439409199003
100,,,,,,0.8447149096400872
101,,,,,,0.8543328691229592
102,,,,,,0.8770628128196718
103,,,,,,0.8878059711662079
104,,,,,,0.8705742624132657
105,,,,,,0.8528074531386032
106,,,,,,0.8811785128559395
107,,,,,,0.8682300766971286
108,,,,,,0.8803607298334417
109,,,,,,0.8916147826710717
110,,,,,,0.8816063070192458
111,,,,,,0.8825256554009271
112,,,,,,0.8856244566544529
113,,,,,,0.860978775648052
114,,,,,,0.856791820744057
115,,,,,,0.8805654343791192
116,,,,,,0.8793332388432392
117,,,,,,0.8708763983692415
118,,,,,,0.857240889515043
119,,,,,,0.8841568670137405
120,,,,,,0.8797722805558017
121,,,,,,0.7881694362553252
122,,,,,,0.8729880255744182
123,,,,,,0.8766915682197655
124,,,,,,0.8724828820003032
125,,,,,,0.8785009207111389
126,,,,,,0.869670091919864
127,,,,,,0.8558314075550021
128,,,,,,0.8822531777697343
129,,,,,,0.8901920852003191
130,,,,,,0.9093815944975998
131,,,,,,0.8779411258710287
132,,,,,,0.8718924788085631
133,,,,,,0.8751610121794002
134,,,,,,0.8850023978310316
135,,,,,,0.8674506371270942
136,,,,,,0.8798137416151652
137,,,,,,0.8688752218506994
138,,,,,,0.8814706901350488
139,,,,,,0.8576648933032593
140,,,,,,0.8754229223658023
141,,,,,,0.897000284526794
142,,,,,,0.874794065195726
143,,,,,,0.8806011057049619
144,,,,,,0.7921991719242074
145,,,,,,0.8816350076939901
146,,,,,,0.877766705152939
147,,,,,,0.8548475838606777
148,,,,,,0.866173812107954
149,,,,,,0.8782014374645094
150,,,,,,0.8913110571430591
151,,,,,,0.8978642420411154
152,,,,,,0.8418471153403271
153,,,,,,0.90152432182984
154,,,,,,0.8798529172462117
155,,,,,,0.8692580632261668
156,,,,,,0.8457309701764583
157,,,,,,0.8949460997926906
158,,,,,,0.8860823055670504
159,,,,,,0.8662467784456224
160,,,,,,0.7514528556904005
161,,,,,,0.8633908811922095
162,,,,,,0.8825120471114778
163,,,,,,0.8800756319484678
164,,,,,,0.8902094352162198
165,,,,,,0.8776364673848482
166,,,,,,0.8864090037618655
167,,,,,,0.8300224551330389
168,,,,,,0.8547055376142548
169,,,,,,0.8708789047055794
170,,,,,,0.8623590215920884
171,,,,,,0.8658824892230779
172,,,,,,0.7859414038605392
173,,,,,,0.8819025079688314
174,,,,,,0.7580856156721094
175,,,,,,0.8746834823952299
176,,,,,,0.884174667033191
177,,,,,,0.8700931240867369
178,,,,,,0.8654033025016445
179,,,,,,0.8751633956013669
180,,,,,,0.8970542266425766
181,,,,,,0.890653764801125
182,,,,,,0.8562815291093466
183,,,,,,0.893386234223509
184,,,,,,0.8499350062432367
185,,,,,,0.8636372564675803
186,,,,,,0.8737145398656655
187,,,,,,0.8849106436548451
188,,,,,,0.8744312545147273
189,,,,,,0.8354096575274708
190,,,,,,0.8882322864219767
191,,,,,,0.883047423031274
192,,,,,,0.9016037487643145
193,,,,,,0.9014317245963974
194,,,,,,0.8717643431113866
195,,,,,,0.8747470237430306
196,,,,,,0.873955396022407
197,,,,,,0.8905721689367593
198,,,,,,0.877440915184699
199,,,,,,0.9087458608429632
200,,,,,,0.8837607333916928
201,,,,,,0.8542498966361175
202,,,,,,0.8754568284635984
203,,,,,,0.8773936949530174
204,,,,,,0.8773103576141181
205,,,,,,0.8918416874746431
206,,,,,,0.8761433155728577
207,,,,,,0.9018616277943146
208,,,,,,0.8900779098986262
209,,,,,,0.7799558947253353
210,,,,,,0.8910548575074342
211,,,,,,0.8994983982069742
212,,,,,,0.8715817289625869
213,,,,,,0.8686028786338107
214,,,,,,0.8572052027651692
215,,,,,,0.8635968580670839
216,,,,,,0.8646527568181753
217,,,,,,0.8942062518083391
218,,,,,,0.889678205557981
219,,,,,,0.8793420209209251
220,,,,,,0.8734934342222964
221,,,,,,0.8511388954316279
222,,,,,,0.8725788631930196
223,,,,,,0.8686513853275558
224,,,,,,0.8699127692694998
225,,,,,,0.8683731997212496
226,,,,,,0.8778819484140654
227,,,,,,0.8518564895172793
228,,,,,,0.8707476070059552
229,,,,,,0.8934309342968728
230,,,,,,0.889012879842641
231,,,,,,0.8952337510539043
232,,,,,,0.7725906182412405
233,,,,,,0.9004901536338179
234,,,,,,0.8507799811783896
235,,,,,,0.8269859740510357
236,,,,,,0.86145936170534
237,,,,,,0.8855483926731769
238,,,,,,0.8875563295626027
239,,,,,,0.8899668598262254
240,,,,,,0.8346417694932251
241,,,,,,0.8788983149412785
242,,,,,,0.8971733816022762
243,,,,,,0.863743254834797
244,,,,,,0.8417618553189702
245,,,,,,0.8808508939915007
246,,,,,,0.8752770262898053
247,,,,,,0.8653626550008824
248,,,,,,0.7616343105117114
249,,,,,,0.8661837745044871
250,,,,,,0.8678977488494262
251,,,,,,0.9044364455662685
252,,,,,,0.8630251078044264
253,,,,,,0.8922899046370366
254,,,,,,0.8898014788563582
255,,,,,,0.8293504185081202
256,,,,,,0.8805078061184263
257,,,,,,0.8891876299330111
258,,,,,,0.8550494545671086
259,,,,,,0.8680093883779003
260,,,,,,0.7653361874274156
261,,,,,,0.9039093122359424
262,,,,,,0.743093692700153
263,,,,,,0.8853903733914954
264,,,,,,0.9000217547645673
265,,,,,,0.8712854454165817
266,,,,,,0.8876432011079245
267,,,,,,0.8979048968016747
268,,,,,,0.8938265458112373
269,,,,,,0.8840516314702449
270,,,,,,0.8760200113026169
271,,,,,,0.9082896793825166
272,,,,,,0.9009012345563641
273,,,,,,0.8740172869628593
274,,,,,,0.895328723125119
275,,,,,,0.8944652010628815
276,,,,,,0.8788768439273128
277,,,,,,0.8701149258830463
278,,,,,,0.8577941423415842
279,,,,,,0.9003644768080835
280,,,,,,0.8870775119345631
281,,,,,,0.9047820357714722
282,,,,,,0.8803667051427195
283,,,,,,0.8779633611899047
284,,,,,,0.901965101649207
285,,,,,,0.8963890685791549
286,,,,,,0.9025100468866467
287,,,,,,0.9204446209125524
288,,,,,,0.8992603218643243
289,,,,,,0.866698435033049
290,,,,,,0.8631837851836996
291,,,,,,0.9039689824572641
292,,,,,,0.9024721274104326
293,,,,,,0.9034692805382118
294,,,,,,0.8742196180573202
295,,,,,,0.9084151503826609
296,,,,,,0.9131774196692656
297,,,,,,0.7875924504196243
298,,,,,,0.9045558801049984
299,,,,,,0.8922782551303774
300,,,,,,0.8859365942971493
301,,,,,,0.8752596178632528
302,,,,,,0.8811702517515994
303,,,,,,0.88088350951448
304,,,,,,0.8889560849105655
305,,,,,,0.9160292249999297
306,,,,,,0.9126313228355879
307,,,,,,0.9043740888932048
308,,,,,,0.8890778424807575
309,,,,,,0.872744197555857
310,,,,,,0.8832965781091031
311,,,,,,0.8640701271733604
312,,,,,,0.8894875253741255
313,,,,,,0.8907208649827831
314,,,,,,0.8886680518377837
315,,,,,,0.8769521209749793
316,,,,,,0.9142702876222741
317,,,,,,0.8968037484910938
318,,,,,,0.8992149008042397
319,,,,,,0.8965845563279996
320,,,,,,0.7979944880001287
321,,,,,,0.9076765583774834
322,,,,,,0.8619640442429409
323,,,,,,0.8488344893153271
324,,,,,,0.8800972309406222
325,,,,,,0.9039851486235271
326,,,,,,0.9031623463790074
327,,,,,,0.8968290282653282
328,,,,,,0.8560847523823416
329,,,,,,0.8926916153541848
330,,,,,,0.9097851638138212
331,,,,,,0.9016184704374812
332,,,,,,0.8414091171471425
333,,,,,,0.8867439655405154
334,,,,,,0.8971652497628411
335,,,,,,0.8971856819468663
336,,,,,,0.7469591794426773
337,,,,,,0.8858882481143194
338,,,,,,0.8949019276388079
339,,,,,,0.8873472935569691
340,,,,,,0.8818136931576288
341,,,,,,0.9241785835516958
342,,,,,,0.8981125454163865
343,,,,,,0.8317068671270131
344,,,,,,0.8670614312435725
345,,,,,,0.8815627746405228
346,,,,,,0.8750039842157635
347,,,,,,0.8570389954479571
348,,,,,,0.8190656306511541
349,,,,,,0.9133936037340533
350,,,,,,0.7358259273740466
351,,,,,,0.9118761922360712
352,,,,,,0.8794560339572755
353,,,,,,0.8577732083049854
354,,,,,,0.873850482910905
355,,,,,,0.909618284353134
356,,,,,,0.913573007072627
357,,,,,,0.915671428522391
358,,,,,,0.910506163621347
359,,,,,,0.9124701018532173
360,,,,,,0.878947020182308
361,,,,,,0.8726913975963583
362,,,,,,0.9068411274533617
363,,,,,,0.8863189213711347
364,,,,,,0.8881901763053681
365,,,,,,0.8793183933571709
366,,,,,,0.8741751193265948
367,,,,,,0.9014367139236263
368,,,,,,0.8888183651404882
369,,,,,,0.895491742768955
370,,,,,,0.9021017122802382
371,,,,,,0.9061291095949855
372,,,,,,0.904397011091923
373,,,,,,0.8897435499876292
374,,,,,,0.8990433722034028
375,,,,,,0.9012460646518656
376,,,,,,0.9045453297148274
377,,,,,,0.8339968518490153
378,,,,,,0.8843971900737193
379,,,,,,0.8837229482654411
380,,,,,,0.878002330130427
381,,,,,,0.8941488023505145
382,,,,,,0.8799086500243936
383,,,,,,0.9079937414170174
384,,,,,,0.8900566761432438
385,,,,,,0.8272820423426022
386,,,,,,0.91006945932894
387,,,,,,0.8902516285402786
388,,,,,,0.8908347754371686
389,,,,,,0.8736076199403147
390,,,,,,0.8775231659668563
391,,,,,,0.8724778350268776
392,,,,,,0.8958193995069847
393,,,,,,0.9101222019018042
394,,,,,,0.9086535445140641
395,,,,,,0.8921818186523265
396,,,,,,0.8507685403720812
397,,,,,,0.9038697224343253
398,,,,,,0.8968646664138615
399,,,,,,0.8893523384456388
400,,,,,,0.9108022916949061
401,,,,,,0.881203761070121
402,,,,,,0.898707992147501
403,,,,,,0.866925811723523
404,,,,,,0.9046294924745051
405,,,,,,0.9039354077603272
406,,,,,,0.8901793612004163
407,,,,,,0.8961461494231873
408,,,,,,0.8543067974796257
409,,,,,,0.9052954931048888
410,,,,,,0.8621957193024524
411,,,,,,0.8867419123789451
412,,,,,,0.9069748939123236
413,,,,,,0.8984353379656397
414,,,,,,0.8964980352179623
415,,,,,,0.8942514670678384
416,,,,,,0.8650324578347098
417,,,,,,0.9134232873949617
418,,,,,,0.8976084401861291
419,,,,,,0.8787055008665781
420,,,,,,0.8605952112257846
421,,,,,,0.9042606907357201
422,,,,,,0.9084754333106879
423,,,,,,0.8999985710127201
424,,,,,,0.7495820182679117
425,,,,,,0.8648971628025347
426,,,,,,0.8812812821051035
427,,,,,,0.9096525965181728
428,,,,,,0.9022680024541041
429,,,,,,0.8911555010773426
430,,,,,,0.9114222054270544
431,,,,,,0.8748382728975026
432,,,,,,0.8984083075301658
433,,,,,,0.8928894824384166
434,,,,,,0.8983172632794866
435,,,,,,0.9009658418507196
436,,,,,,0.8436551887850472
437,,,,,,0.9013333724813155
438,,,,,,0.75730526305206
439,,,,,,0.9067979075037906
440,,,,,,0.8941504700492549
441,,,,,,0.8867479795226332
442,,,,,,0.8959894407948177
443,,,,,,0.8933249418116598
444,,,,,,0.9075108666866799
445,,,,,,0.8810658830270428
446,,,,,,0.8553218384976026
447,,,,,,0.9040496997083073
448,,,,,,0.8754258471627462
449,,,,,,0.8788195635477725
450,,,,,,0.9070100269304029
451,,,,,,0.9011837300490249
452,,,,,,0.8725438581449203
453,,,,,,0.8900347501556007
454,,,,,,0.8580075145534487
455,,,,,,0.8900784329780993
456,,,,,,0.8795116492856156
457,,,,,,0.9004638292105802
458,,,,,,0.8788586760433366
459,,,,,,0.8891473357183846
460,,,,,,0.9059728494605728
461,,,,,,0.8975219944873442
462,,,,,,0.891853232812096
463,,,,,,0.9071846064487223
464,,,,,,0.8788874618897946
465,,,,,,0.8944879744026972
466,,,,,,0.8638914372884575
467,,,,,,0.8985495098672722
468,,,,,,0.8847569380975073
469,,,,,,0.9007362121740452
470,,,,,,0.8773088415124419
471,,,,,,0.8910396168538213
472,,,,,,0.8895043334596533
473,,,,,,0.7895609112036084
474,,,,,,0.884546454681867
475,,,,,,0.903778469249346
476,,,,,,0.8482185588428034
477,,,,,,0.8807778091797763
478,,,,,,0.8764337007102851
479,,,,,,0.8847019221251513
480,,,,,,0.8755503550488597
481,,,,,,0.8932113638646937
482,,,,,,0.9138295362176292
483,,,,,,0.9029563182100574
484,,,,,,0.8586751203961581
485,,,,,,0.8744645591658885
486,,,,,,0.8663213625934096
487,,,,,,0.8823523302755032
488,,,,,,0.8849713780582497
489,,,,,,0.8902475923461105
490,,,,,,0.8953360154302967
491,,,,,,0.8667322094591203
492,,,,,,0.8912764870608957
493,,,,,,0.8963477268084452
494,,,,,,0.8853801476563309
495,,,,,,0.9072811066350197
496,,,,,,0.7791905903596792
497,,,,,,0.8951136427427205
498,,,,,,0.8706450619541282
499,,,,,,0.8628184341744509
500,,,,,,0.8577566631612292
501,,,,,,0.8935115847624067
502,,,,,,0.894619975861968
503,,,,,,0.8919692978142568
504,,,,,,0.8689447047107501
505,,,,,,0.8958474784626671
506,,,,,,0.8959151598891975
507,,,,,,0.8777405351990311
508,,,,,,0.862827290324588
509,,,,,,0.8934447885322836
510,,,,,,0.882070781932444
511,,,,,,0.9017840820208769
512,,,,,,0.7602665909431345
513,,,,,,0.8832935291231554
514,,,,,,0.8870054114182888
515,,,,,,0.8939885945338085
516,,,,,,0.877961017863768
517,,,,,,0.8952209004357949
518,,,,,,0.8910934781370721
519,,,,,,0.8075364024738714
520,,,,,,0.8689660068213996
521,,,,,,0.893304358827126
522,,,,,,0.8738967310176047
523,,,,,,0.8734612403791506
524,,,,,,0.7900692431998821
525,,,,,,0.9133958490284559
526,,,,,,0.7426026914426234
527,,,,,,0.8971746698479937
528,,,,,,0.8364721935439605
529,,,,,,0.863163516191606
530,,,,,,0.8635291965668217
531,,,,,,0.8905743260266861
532,,,,,,0.8850143471682721
533,,,,,,0.9096642899091911
534,,,,,,0.8951342482261201
535,,,,,,0.90986750461191
536,,,,,,0.8509738197819328
537,,,,,,0.8268004792953259
538,,,,,,0.8894141829953408
539,,,,,,0.8465998016148477
540,,,,,,0.8463434533073044
541,,,,,,0.8826568217449426
542,,,,,,0.8556144923244349
543,,,,,,0.8685197477622771
544,,,,,,0.8598363583890765
545,,,,,,0.8772259162003018
546,,,,,,0.8879992432341778
547,,,,,,0.8902651069740468
548,,,,,,0.8984971949142947
549,,,,,,0.9128415625280542
550,,,,,,0.8821542221981444
551,,,,,,0.8737880410136726
552,,,,,,0.8796742405385175
553,,,,,,0.8530674929005526
554,,,,,,0.8716939364530343
555,,,,,,0.8930245201490369
556,,,,,,0.8628170561268256
557,,,,,,0.8686757081589523
558,,,,,,0.8846375885650675
559,,,,,,0.8581060008497147
560,,,,,,0.8676878082142561
561,,,,,,0.8221306452451407
562,,,,,,0.8920581684342559
563,,,,,,0.8829661495725749
564,,,,,,0.8751717450311823
565,,,,,,0.9040058395902575
566,,,,,,0.893401338032122
567,,,,,,0.8720964126206192
568,,,,,,0.9004875254077278
569,,,,,,0.9051414453283335
570,,,,,,0.8727858430430204
571,,,,,,0.8673000436431249
572,,,,,,0.8028773879933654
573,,,,,,0.852251905497043
574,,,,,,0.8714017225946458
575,,,,,,0.9039515680869656
576,,,,,,0.8788743838575446
577,,,,,,0.8704597570775583
578,,,,,,0.8876387709950131
579,,,,,,0.8702287537987244
580,,,,,,0.8985891347179484
581,,,,,,0.9044598983623353
582,,,,,,0.8876615776348193
583,,,,,,0.9041012074940947
584,,,,,,0.8355601253026858
585,,,,,,0.8713114145449883
586,,,,,,0.8439238114595662
587,,,,,,0.8667043323154446
588,,,,,,0.8900784440889357
589,,,,,,0.8916761149459974
590,,,,,,0.8776158505472083
591,,,,,,0.8686229255905276
592,,,,,,0.8839550203497976
593,,,,,,0.9088147687965831
594,,,,,,0.9148426265397889
595,,,,,,0.8566606590159793
596,,,,,,0.8946907378593059
597,,,,,,0.8762405450071447
598,,,,,,0.8484810340124221
599,,,,,,0.8898220946170871
600,,,,,,0.7613082956439106
601,,,,,,0.8596743335346884
602,,,,,,0.8565729988146357
603,,,,,,0.8833377012250119
604,,,,,,0.8929119395011768
605,,,,,,0.8713933578505552
606,,,,,,0.8871524547714416
607,,,,,,0.8516868225538287
608,,,,,,0.8645548907612464
609,,,,,,0.8914789731185497
610,,,,,,0.8867826843415949
611,,,,,,0.9061409269868382
612,,,,,,0.8540642270594785
613,,,,,,0.8886453078753349
614,,,,,,0.7752774606287333
615,,,,,,0.8835094631446483
616,,,,,,0.7907509527187038
617,,,,,,0.7746664125367656
618,,,,,,0.7921938123646071
619,,,,,,0.8298770167363814
620,,,,,,0.7964165148996728
621,,,,,,0.8174588539430032
622,,,,,,0.8397390139066099
623,,,,,,0.8292533883294919
624,,,,,,0.7917008968041086
625,,,,,,0.731464810270692
626,,,,,,0.8432604632743238
627,,,,,,0.7771442633623575
628,,,,,,0.7770986506029061
629,,,,,,0.7758800611811228
630,,,,,,0.8192671536221332
631,,,,,,0.8050322825074516
632,,,,,,0.780677894318456
633,,,,,,0.7973870405119761
634,,,,,,0.8134935916910042
635,,,,,,0.8103251896376293
636,,,,,,0.8525239960973764
637,,,,,,0.8357090695830216
638,,,,,,0.8028117916902957
639,,,,,,0.8318017777329739
640,,,,,,0.8092059952692827
641,,,,,,0.8107691721008059
642,,,,,,0.7910415493909217
643,,,,,,0.8177706855064883
644,,,,,,0.8111475745626364
645,,,,,,0.7919204870563893
646,,,,,,0.8078343791645672
647,,,,,,0.8254365510423509
648,,,,,,0.8135497951994036
649,,,,,,0.8219363437526244
650,,,,,,0.837194573975891
651,,,,,,0.8387003908424768
652,,,,,,0.7971883124434753
653,,,,,,0.8054511521931812
654,,,,,,0.7894674289731365
655,,,,,,0.8075775889374293
656,,,,,,0.8093493461235728
657,,,,,,0.8360861776960802
658,,,,,,0.8360484203258216
659,,,,,,0.8146139946122959
660,,,,,,0.8094389432985718
661,,,,,,0.7339029641610715
662,,,,,,0.8140275274154576
663,,,,,,0.8143216803657172
664,,,,,,0.8360022790610626
665,,,,,,0.8171598569777618
666,,,,,,0.8057421683583448
667,,,,,,0.8366832066100343
668,,,,,,0.8095943981698379
669,,,,,,0.8178363634691157
670,,,,,,0.8306240026524963
671,,,,,,0.834533550538573
672,,,,,,0.8343455867710163
673,,,,,,0.7561740307263881
674,,,,,,0.7967009150517091
675,,,,,,0.773712613230916
676,,,,,,0.8075239561671803
677,,,,,,0.8261423172660334
678,,,,,,0.8148041576515556
679,,,,,,0.8192775581112672
680,,,,,,0.80595473917967
681,,,,,,0.828525179508224
682,,,,,,0.8030442195110215
683,,,,,,0.8463018562473099
684,,,,,,0.8156228475966627
685,,,,,,0.8124782997211291
686,,,,,,0.8086385040168249
687,,,,,,0.7868681635771957
688,,,,,,0.7870486229931319
689,,,,,,0.7993561613975666
690,,,,,,0.7854092152241154
691,,,,,,0.7957358627552178
692,,,,,,0.8369014020575951
693,,,,,,0.8134433309629912
694,,,,,,0.8088035669165077
695,,,,,,0.8279774016945032
696,,,,,,0.7941965069491246
697,,,,,,0.8091792780577246
698,,,,,,0.8331330352444879
699,,,,,,0.8358941110720756
700,,,,,,0.8374658318537234
701,,,,,,0.8065386367338254
702,,,,,,0.8005781661903846
703,,,,,,0.7979329792947213
704,,,,,,0.8846706332614243
705,,,,,,0.8581190293030683
706,,,,,,0.8925729720783773
707,,,,,,0.9187019765497564
708,,,,,,0.9060268811370809
709,,,,,,0.9009681424469532
710,,,,,,0.9048168542188912
711,,,,,,0.8984152002804996
712,,,,,,0.869769101315818
713,,,,,,0.860090366027009
714,,,,,,0.9031713394881735
715,,,,,,0.8943316764261335
716,,,,,,0.8953153785647794
717,,,,,,0.8772502062739297
718,,,,,,0.8843112086108379
719,,,,,,0.8928143674718532
720,,,,,,0.8966136503716802
721,,,,,,0.9013723573917363
722,,,,,,0.8982334626591711
723,,,,,,0.9114351708057699
724,,,,,,0.8970736156885304
725,,,,,,0.901064693292209
726,,,,,,0.910792256561506
727,,,,,,0.8979156856476913
728,,,,,,0.8968670794356589
729,,,,,,0.8882786073314346
730,,,,,,0.8473727576436627
731,,,,,,0.9025959043804047
732,,,,,,0.8849972195035474
733,,,,,,0.903432269930486
734,,,,,,0.9037367179148698
735,,,,,,0.9125136181253135
736,,,,,,0.8986671917048366
737,,,,,,0.8229697235479336
738,,,,,,0.9202339553159866
739,,,,,,0.9054909460712817
740,,,,,,0.9168379918314038
741,,,,,,0.8784119118365952
742,,,,,,0.881019535962756
743,,,,,,0.8832448953004672
744,,,,,,0.8720539003229468
745,,,,,,0.9113201690288857
746,,,,,,0.8926281534007863
747,,,,,,0.888768576253184
748,,,,,,0.8217837686599845
749,,,,,,0.8859425352181641
750,,,,,,0.8878024367612287
751,,,,,,0.8915188885085412
752,,,,,,0.9040690666855926
753,,,,,,0.8648571230637196
754,,,,,,0.9003405652380118
755,,,,,,0.8570905966460121
756,,,,,,0.8912587651727177
757,,,,,,0.9158649187478304
758,,,,,,0.9039818831293976
759,,,,,,0.9084564835532976
760,,,,,,0.7980780056994711
761,,,,,,0.8744509876050797
762,,,,,,0.8682297961152416
763,,,,,,0.8812624881774838
764,,,,,,0.8908614960087762
765,,,,,,0.9052526679557271
766,,,,,,0.9142556805776002
767,,,,,,0.9086246366459174
768,,,,,,0.8647557618993802
769,,,,,,0.908545238115464
770,,,,,,0.919910201611783
771,,,,,,0.876309438143372
772,,,,,,0.8577002111546637
773,,,,,,0.9155562716094376
774,,,,,,0.8870209826254667
775,,,,,,0.8902976598227672
776,,,,,,0.7643522960964914
777,,,,,,0.8664831479282378
778,,,,,,0.8803587685262639
779,,,,,,0.9135357421643762
780,,,,,,0.8917719491383836
781,,,,,,0.8930037321017774
782,,,,,,0.9149885499264772
783,,,,,,0.8431857193246515
784,,,,,,0.9009326835780551
785,,,,,,0.9053156182569477
786,,,,,,0.8994456900167039
787,,,,,,0.9123354456456609
788,,,,,,0.8217363355158405
789,,,,,,0.8957741034501746
790,,,,,,0.7516045525833763
791,,,,,,0.904879841663062
792,,,,,,0.9017666682369139
793,,,,,,0.8679558405442772
794,,,,,,0.9022656514895087
795,,,,,,0.9134062440728954
796,,,,,,0.9130004917225597
797,,,,,,0.8908576610056538
798,,,,,,0.8827182234801342
799,,,,,,0.8963029999562585
800,,,,,,0.8992598123579746
801,,,,,,0.8886614203982006
802,,,,,,0.9042246342906028
803,,,,,,0.8751201755648002
804,,,,,,0.8965689541518288
805,,,,,,0.8695556992820979
806,,,,,,0.88431876012413
807,,,,,,0.9038943638600179
808,,,,,,0.8751103085649411
809,,,,,,0.8971565764009783
810,,,,,,0.89479503127513
811,,,,,,0.8948112496775025
812,,,,,,0.8880868535683428
813,,,,,,0.9078691000353132
814,,,,,,0.8998468070613473
815,,,,,,0.9001437478226988
816,,,,,,0.9083792658110564
817,,,,,,0.912760527225147
818,,,,,,0.8737914964120883
819,,,,,,0.8748559347089973
820,,,,,,0.8920279782726832
821,,,,,,0.9176213025868777
822,,,,,,0.9016112346329024
823,,,,,,0.9164123297009745
824,,,,,,0.9085732107786741
825,,,,,,0.7873987450694353
826,,,,,,0.9021888981264694
827,,,,,,0.9107753668371557
828,,,,,,0.873294918052192
829,,,,,,0.8829781113160922
830,,,,,,0.9084378599275936
831,,,,,,0.8900334810416813
832,,,,,,0.8771368759580593
833,,,,,,0.9109932917905952
834,,,,,,0.9208096210062473
835,,,,,,0.9176454868026755
836,,,,,,0.8816701903131507
837,,,,,,0.8895243002125175
838,,,,,,0.8848499791510182
839,,,,,,0.8846375252764036
840,,,,,,0.900256071312616
841,,,,,,0.8879666019471381
842,,,,,,0.8941796824146728
843,,,,,,0.8933884060192745
844,,,,,,0.9060709919940233
845,,,,,,0.8995402249958118
846,,,,,,0.8975803651102003
847,,,,,,0.904250051144083
848,,,,,,0.7982682764482294
849,,,,,,0.899748153622286
850,,,,,,0.9025717907966011
851,,,,,,0.8762563964050928
852,,,,,,0.8724369693837747
853,,,,,,0.9153055109835928
854,,,,,,0.9209857123813915
855,,,,,,0.895739688624611
856,,,,,,0.8750935158979842
857,,,,,,0.9080651364225172
858,,,,,,0.8961245659869894
859,,,,,,0.9068726362917806
860,,,,,,0.8370694242333416
861,,,,,,0.8949223029854971
862,,,,,,0.8992227205718429
863,,,,,,0.9022830039322537
864,,,,,,0.7397476125764403
865,,,,,,0.9004157028987552
866,,,,,,0.8935820264287717
867,,,,,,0.8984532372462672
868,,,,,,0.8893957740633724
869,,,,,,0.9075582474796596
870,,,,,,0.8977349918956166
871,,,,,,0.8045216263982997
872,,,,,,0.8788825212105245
873,,,,,,0.9011554510475267
874,,,,,,0.8876813221084149
875,,,,,,0.87029386954132
876,,,,,,0.8264047245246642
877,,,,,,0.9195704353772911
878,,,,,,0.7498536106948119
879,,,,,,0.8947836551017853
880,,,,,,0.9040524286443499
881,,,,,,0.8739584379355392
882,,,,,,0.883600426580485
883,,,,,,0.9053812509316339
884,,,,,,0.8983820631037035
885,,,,,,0.8870831113329152
886,,,,,,0.8788200057053952
887,,,,,,0.8892452745921378
888,,,,,,0.9010048634609855
889,,,,,,0.8958303215091394
890,,,,,,0.9094871958129798
891,,,,,,0.8828225070276576
892,,,,,,0.8738243487595434
893,,,,,,0.8915825386142604
894,,,,,,0.8851097026334677
895,,,,,,0.9185693288579495
896,,,,,,0.90245352244848
897,,,,,,0.8913671227444604
898,,,,,,0.9025419006265674
899,,,,,,0.8996289048610812
900,,,,,,0.8843950446236706
901,,,,,,0.9108400821874847
902,,,,,,0.9081614271231553
903,,,,,,0.9060966986131547
904,,,,,,0.9065940808258274
905,,,,,,0.9104674582621187
906,,,,,,0.869948940481458
907,,,,,,0.8794280935580394
908,,,,,,0.9082915074517686
909,,,,,,0.9059964540239742
910,,,,,,0.8792617864291288
911,,,,,,0.9004898558928341
912,,,,,,0.9182903443936777
913,,,,,,0.7933511041292631
914,,,,,,0.8946891589617096
915,,,,,,0.8886412404358843
916,,,,,,0.8873646869336206
917,,,,,,0.8831553436017681
918,,,,,,0.9012608757286875
919,,,,,,0.8959268584372753
920,,,,,,0.8976255964634878
921,,,,,,0.9115272275679303
922,,,,,,0.9238876758017159
923,,,,,,0.9049011051388189
924,,,,,,0.8696142959385739
925,,,,,,0.8852539306373806
926,,,,,,0.8853938718426555
927,,,,,,0.8805704145837394
928,,,,,,0.9124294546500206
929,,,,,,0.9058645472151785
930,,,,,,0.9012181448533784
931,,,,,,0.8605396374793114
932,,,,,,0.8936194793918426
933,,,,,,0.9125272893640684
934,,,,,,0.8886151809424012
935,,,,,,0.9035352992618202
936,,,,,,0.810378355663737
937,,,,,,0.8922008491943629
938,,,,,,0.8984911420866326
939,,,,,,0.8736285522897541
940,,,,,,0.8760016550952523
941,,,,,,0.8943014989927229
942,,,,,,0.8982326958776339
943,,,,,,0.9156370260589737
944,,,,,,0.8653813299390598
945,,,,,,0.9027206500838005
946,,,,,,0.8905072827742007
947,,,,,,0.8830675758937315
948,,,,,,0.8366237923693178
949,,,,,,0.8904213649949618
950,,,,,,0.8908719668530558
951,,,,,,0.8958961071885592
952,,,,,,0.7391012164506867
953,,,,,,0.9018761245466254
954,,,,,,0.9092993704725174
955,,,,,,0.8904761797422172
956,,,,,,0.8875891019160584
957,,,,,,0.916752073421625
958,,,,,,0.9011169088319295
959,,,,,,0.8448867632042544
960,,,,,,0.889495187039259
961,,,,,,0.8926105264812763
962,,,,,,0.8927617995288164
963,,,,,,0.8686102871547787
964,,,,,,0.807724248085192
965,,,,,,0.9035186373773889
966,,,,,,0.7216444809568088
967,,,,,,0.8980212498097462
968,,,,,,0.9069239477783171
969,,,,,,0.870746476207599
970,,,,,,0.9000794353653516
971,,,,,,0.8977782357227735
972,,,,,,0.9136702797071712
973,,,,,,0.8921616445454872
974,,,,,,0.8777964281288559
975,,,,,,0.8966327370446467
976,,,,,,0.8879570056253094
977,,,,,,0.8898135257776912
978,,,,,,0.9121241573966629
979,,,,,,0.9094449208427888
980,,,,,,0.9218465700414988
981,,,,,,0.8662685698891754
982,,,,,,0.8709609329454404
983,,,,,,0.9143993612225967
984,,,,,,0.9074698183333698
985,,,,,,0.9064395940080163
986,,,,,,0.9034882432085487
987,,,,,,0.8925141180107052
988,,,,,,0.8873035359349604
989,,,,,,0.8949535150213953
990,,,,,,0.903410405960025
991,,,,,,0.8916926841774349
992,,,,,,0.9216060877632388
993,,,,,,0.8895520984992836
994,,,,,,0.8808348169964907
995,,,,,,0.8837898559418025
996,,,,,,0.920808005481146
997,,,,,,0.8975909770861661
998,,,,,,0.9153895440853483
999,,,,,,0.8881253902478476
1000,,,,,,0.9094064477130015
1001,,,,,,0.7810426068231712
1002,,,,,,0.9194863391456538
1003,,,,,,0.9191859017913306
1004,,,,,,0.8771959596703748
1005,,,,,,0.8743276175672954
1006,,,,,,0.8864612581448548
1007,,,,,,0.8914034092977425
1008,,,,,,0.8596593201874441
1009,,,,,,0.9165926886951016
1010,,,,,,0.9266818601061795
1011,,,,,,0.918224579203147
1012,,,,,,0.8837093321736273
1013,,,,,,0.8899829347326916
1014,,,,,,0.8704283375782189
1015,,,,,,0.8748480481063965
1016,,,,,,0.9007212858293323
1017,,,,,,0.8874437179095288
1018,,,,,,0.9181096450043769
1019,,,,,,0.8650538251636064
1020,,,,,,0.8977792061807575
1021,,,,,,0.899281524577245
1022,,,,,,0.9131669911376078
1023,,,,,,0.9067151529321149
1024,,,,,,0.7739648810446875
1025,,,,,,0.9196637047908252
1026,,,,,,0.8798218164909678
1027,,,,,,0.8566432660530758
1028,,,,,,0.8733412994900837
1029,,,,,,0.9111880679851216
1030,,,,,,0.9296496160394283
1031,,,,,,0.9130183404147784
1032,,,,,,0.8663370139786715
1033,,,,,,0.9042231258443718
1034,,,,,,0.9027396115962714
1035,,,,,,0.9086165891789375
1036,,,,,,0.8114819293139497
1037,,,,,,0.917109263045256
1038,,,,,,0.9114028293117978
1039,,,,,,0.892975222984179
1040,,,,,,0.7540610264686242
1041,,,,,,0.9008831524949916
1042,,,,,,0.87832221713923
1043,,,,,,0.9057717346425704
1044,,,,,,0.8918288786904552
1045,,,,,,0.9096456305946294
1046,,,,,,0.9016665267442636
1047,,,,,,0.821898523596745
1048,,,,,,0.8775713272024017
1049,,,,,,0.9191976734655707
1050,,,,,,0.8825431771940431
1051,,,,,,0.8870397118546418
1052,,,,,,0.8198605591898764
1053,,,,,,0.9249313755393012
1054,,,,,,0.7498677087866585
1055,,,,,,0.9204474909273105
1056,,,,,,0.8927679810069806
1057,,,,,,0.8966790645867923
1058,,,,,,0.8824870562824361
1059,,,,,,0.9215629394414833
1060,,,,,,0.9151640563996308
1061,,,,,,0.8871842121978584
1062,,,,,,0.8894145092276293
1063,,,,,,0.9049155520645651
1064,,,,,,0.892974664627106
1065,,,,,,0.8763531123829441
1066,,,,,,0.9116784900857959
1067,,,,,,0.9004413178270477
1068,,,,,,0.8930257020096655
1069,,,,,,0.8829179012483428
1070,,,,,,0.8927144104032025
1071,,,,,,0.9122878484101375
1072,,,,,,0.8913744633099031
1073,,,,,,0.8935648735148012
1074,,,,,,0.9120543341285168
1075,,,,,,0.9006549239344286
1076,,,,,,0.9073616710880809
1077,,,,,,0.9063965987039828
1078,,,,,,0.8966951647730688
1079,,,,,,0.9003994100802097
1080,,,,,,0.9078068241675539
1081,,,,,,0.9100291262673801
1082,,,,,,0.8853395372336407
1083,,,,,,0.8896074700970275
1084,,,,,,0.9148768133731404
1085,,,,,,0.8975129850529429
1086,,,,,,0.9180397520352226
1087,,,,,,0.8958830370174699
1088,,,,,,0.9059605399131747
1089,,,,,,0.8158659419371516
1090,,,,,,0.9049969875516553
1091,,,,,,0.909983697947957
1092,,,,,,0.8685650179686353
1093,,,,,,0.8776530010774173
1094,,,,,,0.90865317442191
1095,,,,,,0.9101484767257946
1096,,,,,,0.8946368809075802
1097,,,,,,0.9143420678255374
1098,,,,,,0.9210118774207341
1099,,,,,,0.8956195462639607
1100,,,,,,0.8771747383154234
1101,,,,,,0.8980006650219519
1102,,,,,,0.9000315031889898
1103,,,,,,0.9008488603849569
1104,,,,,,0.9138310447056386
1105,,,,,,0.8890046535425242
1106,,,,,,0.9097530556234099
1107,,,,,,0.8952811842554259
1108,,,,,,0.9105665966155746
1109,,,,,,0.9055682868692525
1110,,,,,,0.8988453508985275
1111,,,,,,0.9060177417465278
1112,,,,,,0.8115758615283644
1113,,,,,,0.9014010897099967
1114,,,,,,0.8964809759646082
1115,,,,,,0.8724312011469735
1116,,,,,,0.876479079718393
1117,,,,,,0.9122922057043563
1118,,,,,,0.9076018760578421
1119,,,,,,0.9204854788157745
1120,,,,,,0.8861295235811076
1121,,,,,,0.9101624736772526
1122,,,,,,0.9065700401673947
1123,,,,,,0.9043095753824283
1124,,,,,,0.8522949463453695
1125,,,,,,0.8943745880092083
1126,,,,,,0.8947394533216431
1127,,,,,,0.8973335475013332
1128,,,,,,0.7818165814043754
1129,,,,,,0.9114147507359109
1130,,,,,,0.8891284846440224
1131,,,,,,0.8916851049541756
1132,,,,,,0.8875070945184096
1133,,,,,,0.9196133567757712
1134,,,,,,0.9075564810437953
1135,,,,,,0.8335199188901465
1136,,,,,,0.8877487934452493
1137,,,,,,0.8978992805048454
1138,,,,,,0.9098307490377249
1139,,,,,,0.8822226769018127
1140,,,,,,0.8344608117792461
1141,,,,,,0.9061485835481429
1142,,,,,,0.7611347661775709
1143,,,,,,0.9033872065251551
1144,,,,,,0.8505339473625124
1145,,,,,,0.8586189700315013
1146,,,,,,0.8595819884161149
1147,,,,,,0.8742402399387876
1148,,,,,,0.8873318683813152
1149,,,,,,0.8770917716478255
1150,,,,,,0.848631667503732
1151,,,,,,0.8974817906832429
1152,,,,,,0.8828188214532893
1153,,,,,,0.8578114829823491
1154,,,,,,0.8692495501264377
1155,,,,,,0.86764626176001
1156,,,,,,0.8329832900264733
1157,,,,,,0.859542640233192
1158,,,,,,0.853627838223602
1159,,,,,,0.8817114012620079
1160,,,,,,0.881102681840146
1161,,,,,,0.8532739467221355
1162,,,,,,0.8747145547981847
1163,,,,,,0.8737393366010064
1164,,,,,,0.9051901860672975
1165,,,,,,0.9105455406385841
1166,,,,,,0.8744214045142591
1167,,,,,,0.8978899281826301
1168,,,,,,0.8885818580334837
1169,,,,,,0.9024473562191928
1170,,,,,,0.8686295664210402
1171,,,,,,0.8613117307589259
1172,,,,,,0.8825197320101879
1173,,,,,,0.8816684242349154
1174,,,,,,0.8731142780662371
1175,,,,,,0.8628162372959804
1176,,,,,,0.8642176989501206
1177,,,,,,0.8920926701845823
1178,,,,,,0.8341590039686265
1179,,,,,,0.8601162934357557
1180,,,,,,0.8695287879363368
1181,,,,,,0.8432205981923441
1182,,,,,,0.8780108926146708
1183,,,,,,0.8825930874307777
1184,,,,,,0.8333923849456922
1185,,,,,,0.9092242238218176
1186,,,,,,0.8987712278016237
1187,,,,,,0.8843833118422474
1188,,,,,,0.8637732133810812
1189,,,,,,0.8923291163849736
1190,,,,,,0.8811073965793569
1191,,,,,,0.8784715248652422
1192,,,,,,0.8837282550045017
1193,,,,,,0.8841965710192832
1194,,,,,,0.8594233706117779
1195,,,,,,0.8880632558616544
1196,,,,,,0.8968692296309351
1197,,,,,,0.90729092372038
1198,,,,,,0.8653847065932887
1199,,,,,,0.8828801445015362
1200,,,,,,0.838380998872486
1201,,,,,,0.8707066786761068
1202,,,,,,0.8601246701699461
1203,,,,,,0.849612647845247
1204,,,,,,0.8759371451917899
1205,,,,,,0.8825959900679934
1206,,,,,,0.8608254234134995
1207,,,,,,0.8638549143664989
1208,,,,,,0.8914914521588678
1209,,,,,,0.884104175978389
1210,,,,,,0.891295781750868
1211,,,,,,0.8596121797927626
1212,,,,,,0.8999783148204578
1213,,,,,,0.8780860053524726
1214,,,,,,0.8662693304854912
1215,,,,,,0.8562113381048634
1216,,,,,,0.7935261369794855
1217,,,,,,0.8755326870282356
1218,,,,,,0.8569555877668587
1219,,,,,,0.8834825751960835
1220,,,,,,0.8683971235631944
1221,,,,,,0.8890512864419353
1222,,,,,,0.8587942052501856
1223,,,,,,0.8458200833480181
1224,,,,,,0.8564301141353667
1225,,,,,,0.8575873540380681
1226,,,,,,0.8850981379944034
1227,,,,,,0.8748064322357021
1228,,,,,,0.8192118713786816
1229,,,,,,0.8786345185123569
1230,,,,,,0.7714358735581466
1231,,,,,,0.8478811908356778
1232,,,,,,0.8592884818246412
1233,,,,,,0.8581113512137228
1234,,,,,,0.8616635887114459
1235,,,,,,0.8592418088522036
1236,,,,,,0.8851993226429862
1237,,,,,,0.8560575836796207
1238,,,,,,0.8325540724343755
1239,,,,,,0.8704980025003057
1240,,,,,,0.8568189525410603
1241,,,,,,0.8767136749229842
1242,,,,,,0.8671435717554493
1243,,,,,,0.8931442211226677
1244,,,,,,0.8733362464632637
1245,,,,,,0.8589589467463142
1246,,,,,,0.8391539448942562
1247,,,,,,0.8977094997745628
1248,,,,,,0.8701170832171797
1249,,,,,,0.8660472801466248
1250,,,,,,0.8715831617034557
1251,,,,,,0.8658473703610026
1252,,,,,,0.8680995151201301
1253,,,,,,0.8792721728079125
1254,,,,,,0.8610590241530609
1255,,,,,,0.8680585473984078
1256,,,,,,0.897274783820545
1257,,,,,,0.873578304424685
1258,,,,,,0.8606851467018832
1259,,,,,,0.830977905058959
1260,,,,,,0.8860907102989048
1261,,,,,,0.8782373843250135
1262,,,,,,0.8870505518412943
1263,,,,,,0.8577734638304157
1264,,,,,,0.8853149492041654
1265,,,,,,0.8927158538884484
1266,,,,,,0.7743016311206995
1267,,,,,,0.8771697755947172
1268,,,,,,0.8760306795488814
1269,,,,,,0.8441542837099548
1270,,,,,,0.8582841419958223
1271,,,,,,0.8508170305085001
1272,,,,,,0.8696428845126075
1273,,,,,,0.861631482068574
1274,,,,,,0.8910581825825842
1275,,,,,,0.8929776119622373
1276,,,,,,0.883219476219842
1277,,,,,,0.8358819893317395
1278,,,,,,0.8693116797029404
1279,,,,,,0.8471812563480974
1280,,,,,,0.8664094348356512
1281,,,,,,0.8557259206639585
1282,,,,,,0.8709539297739717
1283,,,,,,0.8652653244070536
1284,,,,,,0.8753418674837223
1285,,,,,,0.8773344453155949
1286,,,,,,0.865666168413212
1287,,,,,,0.8481074583469588
1288,,,,,,0.7811598554220056
1289,,,,,,0.8927607785039678
1290,,,,,,0.875506518122211
1291,,,,,,0.8084559996591205
1292,,,,,,0.8452520358622977
1293,,,,,,0.8751229501400863
1294,,,,,,0.8748593224431459
1295,,,,,,0.8884015418925615
1296,,,,,,0.8330113508949424
1297,,,,,,0.8877080725686097
1298,,,,,,0.8725799085889434
1299,,,,,,0.8813712434071378
1300,,,,,,0.8287959156370537
1301,,,,,,0.8679883696486637
1302,,,,,,0.8728287840384812
1303,,,,,,0.8624615055220985
1304,,,,,,0.7436179524129274
1305,,,,,,0.8731676806564039
1306,,,,,,0.8788173307703344
1307,,,,,,0.8679434724863977
1308,,,,,,0.8567273292082147
1309,,,,,,0.879627015958025
1310,,,,,,0.8784097915947696
1311,,,,,,0.8165360272262547
1312,,,,,,0.8587321357510662
1313,,,,,,0.8611989630611003
1314,,,,,,0.8320134943021238
1315,,,,,,0.83443241471197
1316,,,,,,0.7872174890694702
1317,,,,,,0.8890352159920238
1318,,,,,,0.7335568822194398
1319,,,,,,0.8762540701622806
1320,,,,,,0.8649271966964941
1321,,,,,,0.8397584187465619
1322,,,,,,0.898548326148958
1323,,,,,,0.9072978630726048
1324,,,,,,0.8875661352458324
1325,,,,,,0.9079591036194465
1326,,,,,,0.8918867106992168
1327,,,,,,0.8877428204340629
1328,,,,,,0.8676317956256613
1329,,,,,,0.8353488448831736
1330,,,,,,0.8818423992510525
1331,,,,,,0.8720263121591575
1332,,,,,,0.8576066159169846
1333,,,,,,0.8697810438213818
1334,,,,,,0.8738682276954268
1335,,,,,,0.8872824084766565
1336,,,,,,0.871488536686168
1337,,,,,,0.8592420069469597
1338,,,,,,0.8871627922690146
1339,,,,,,0.8729438636160236
1340,,,,,,0.8942219926375266
1341,,,,,,0.916827326868918
1342,,,,,,0.8918082444574649
1343,,,,,,0.900817309817133
1344,,,,,,0.8960934875761666
1345,,,,,,0.8888801529221831
1346,,,,,,0.8482246717746265
1347,,,,,,0.8698980048925594
1348,,,,,,0.8923252836091102
1349,,,,,,0.8532034967492274
1350,,,,,,0.8970421478204703
1351,,,,,,0.8812989288365497
1352,,,,,,0.8854039839927139
1353,,,,,,0.880858851828664
1354,,,,,,0.8107936941706348
1355,,,,,,0.8878661368392957
1356,,,,,,0.9068575680119937
1357,,,,,,0.8712811470481171
1358,,,,,,0.8876668671356862
1359,,,,,,0.8878535771973297
1360,,,,,,0.8534930883798024
1361,,,,,,0.8733840182085111
1362,,,,,,0.8999538214724865
1363,,,,,,0.8845594956037022
1364,,,,,,0.8919502626571536
1365,,,,,,0.828584510066978
1366,,,,,,0.8605893786357717
1367,,,,,,0.8821085552349539
1368,,,,,,0.8636184594688855
1369,,,,,,0.8733020404206756
1370,,,,,,0.8740385697953723
1371,,,,,,0.8815970800833088
1372,,,,,,0.8726413147700305
1373,,,,,,0.9018297612492576
1374,,,,,,0.8918945423340114
1375,,,,,,0.9128971353451322
1376,,,,,,0.8139159220491686
1377,,,,,,0.8817644555769247
1378,,,,,,0.8476459338671638
1379,,,,,,0.8556787894615531
1380,,,,,,0.8914197052436773
1381,,,,,,0.8966472606403186
1382,,,,,,0.8860405789211055
1383,,,,,,0.8766325081849686
1384,,,,,,0.8663003793164684
1385,,,,,,0.9003859077394938
1386,,,,,,0.8955387016850158
1387,,,,,,0.8730148758727501
1388,,,,,,0.867502949688492
1389,,,,,,0.8970183579732847
1390,,,,,,0.8516612123069046
1391,,,,,,0.8739358035638747
1392,,,,,,0.7359250282671085
1393,,,,,,0.8595071644489592
1394,,,,,,0.8460254265757694
1395,,,,,,0.8728144662299663
1396,,,,,,0.8800454555720665
1397,,,,,,0.8920001067853497
1398,,,,,,0.9015284754112134
1399,,,,,,0.8400143989082705
1400,,,,,,0.846505495957147
1401,,,,,,0.8825322735523525
1402,,,,,,0.8702315566270704
1403,,,,,,0.8834180708125525
1404,,,,,,0.8239730724268182
1405,,,,,,0.8961293393120437
1406,,,,,,0.7994261699243175
1407,,,,,,0.8746198836192591
1408,,,,,,0.881249226163278
1409,,,,,,0.8534055513261702
1410,,,,,,0.886597981192289
1411,,,,,,0.8751987735432993
1412,,,,,,0.8979289160510635
1413,,,,,,0.8903674396969941
1414,,,,,,0.8587482452109108
1415,,,,,,0.8940000136081621
1416,,,,,,0.8704963808063695
1417,,,,,,0.8806976854674765
1418,,,,,,0.8916216215567774
1419,,,,,,0.89586832860524
1420,,,,,,0.8839583302638576
1421,,,,,,0.872411005019492
1422,,,,,,0.8301943984830386
1423,,,,,,0.9066412363502736
1424,,,,,,0.8992784860480472
1425,,,,,,0.8845127843116274
1426,,,,,,0.893494653335561
1427,,,,,,0.870640689595046
1428,,,,,,0.8877600452249916
1429,,,,,,0.8914375720312208
1430,,,,,,0.876949277889703
1431,,,,,,0.8872875582671604
1432,,,,,,0.910349863544794
1433,,,,,,0.883467160077109
1434,,,,,,0.8493085407857123
1435,,,,,,0.8428093769801105
1436,,,,,,0.8948814472019637
1437,,,,,,0.8704904443007866
1438,,,,,,0.8920265823368523
1439,,,,,,0.8738582941392834
1440,,,,,,0.9089558716377574
1441,,,,,,0.8945380196617989
1442,,,,,,0.7842819403757155
1443,,,,,,0.8951550672769777
1444,,,,,,0.8818290101423211
1445,,,,,,0.8521257067871464
1446,,,,,,0.8496879132764572
1447,,,,,,0.8947835831274311
1448,,,,,,0.871077148318375
1449,,,,,,0.870823348871111
1450,,,,,,0.8962668933821594
1451,,,,,,0.9057216184109793
1452,,,,,,0.8994048423668374
1453,,,,,,0.8835520224014122
1454,,,,,,0.8637408178575646
1455,,,,,,0.8698397809072175
1456,,,,,,0.8724391273859127
1457,,,,,,0.8956178830272876
1458,,,,,,0.8942256171756379
1459,,,,,,0.8977898058083567
1460,,,,,,0.8637417179358247
1461,,,,,,0.8732155673524136
1462,,,,,,0.8944746151571081
1463,,,,,,0.8919650008402992
1464,,,,,,0.8815146431392374
1465,,,,,,0.7914762659295298
1466,,,,,,0.8696129764060248
1467,,,,,,0.8236626955351449
1468,,,,,,0.8677638738945783
1469,,,,,,0.8982930537056798
1470,,,,,,0.9050971299149662
1471,,,,,,0.8867212953873096
1472,,,,,,0.8324469644566816
1473,,,,,,0.8908742760648507
1474,,,,,,0.8853837456612337
1475,,,,,,0.8792493676142887
1476,,,,,,0.8322816467304605
1477,,,,,,0.873513679768569
1478,,,,,,0.9073605193713639
1479,,,,,,0.9002768202572564
1480,,,,,,0.7560589061541796
1481,,,,,,0.8883599063786664
1482,,,,,,0.8898178521102781
1483,,,,,,0.8784941536949018
1484,,,,,,0.8840418416540363
1485,,,,,,0.9150818451895455
1486,,,,,,0.9060947967822781
1487,,,,,,0.8211284923304558
1488,,,,,,0.8632228196524444
1489,,,,,,0.8876788944870407
1490,,,,,,0.8712497529337846
1491,,,,,,0.8632010295868304
1492,,,,,,0.8345895213955963
1493,,,,,,0.8997123507480353
1494,,,,,,0.7488361344995275
1495,,,,,,0.891719554896509
1496,,,,,,0.7835556145317208
1497,,,,,,0.7463857768153781
1498,,,,,,0.7897548431201264
1499,,,,,,0.8098760376625442
1500,,,,,,0.7997869539967466
1501,,,,,,0.8332814255536658
1502,,,,,,0.8400509215714598
1503,,,,,,0.8201013492482554
1504,,,,,,0.7812928908016958
1505,,,,,,0.7354490874629223
1506,,,,,,0.8111723114571552
1507,,,,,,0.7873126896592559
1508,,,,,,0.7697090532834259
1509,,,,,,0.7913881716404189
1510,,,,,,0.8199562568970963
1511,,,,,,0.7962783427226603
1512,,,,,,0.8322750817823913
1513,,,,,,0.7572798468426394
1514,,,,,,0.8060581380363936
1515,,,,,,0.7888604761461865
1516,,,,,,0.8710110909763034
1517,,,,,,0.8412192848035809
1518,,,,,,0.8069431095389534
1519,,,,,,0.8146581371642536
1520,,,,,,0.8063933861418335
1521,,,,,,0.836376069598505
1522,,,,,,0.758478086624735
1523,,,,,,0.8190164915364717
1524,,,,,,0.7867970659818639
1525,,,,,,0.7637855542091658
1526,,,,,,0.8043699139212066
1527,,,,,,0.8015652397026984
1528,,,,,,0.7992486754152728
1529,,,,,,0.8031174061163291
1530,,,,,,0.8508612381491085
1531,,,,,,0.8018552421298735
1532,,,,,,0.7952541875268786
1533,,,,,,0.7957982612143977
1534,,,,,,0.787664141874595
1535,,,,,,0.7991407660691092
1536,,,,,,0.7308115488795288
1537,,,,,,0.8382485483442323
1538,,,,,,0.8171604729419794
1539,,,,,,0.7928138049432081
1540,,,,,,0.7844908192072658
1541,,,,,,0.7589358460881972
1542,,,,,,0.8308390338004608
1543,,,,,,0.8306768083851463
1544,,,,,,0.8065889012837334
1545,,,,,,0.8276547989429258
1546,,,,,,0.8215656148558171
1547,,,,,,0.799592950242306
1548,,,,,,0.82780331752107
1549,,,,,,0.8013341667981617
1550,,,,,,0.8339192424087212
1551,,,,,,0.8208014690878345
1552,,,,,,0.8147981354268514
1553,,,,,,0.8343454497967566
1554,,,,,,0.7933129057062359
1555,,,,,,0.7645707294918171
1556,,,,,,0.7894876763303762
1557,,,,,,0.772024881871434
1558,,,,,,0.7744047968330645
1559,,,,,,0.7869583479706992
1560,,,,,,0.8122257768438732
1561,,,,,,0.8211196734681723
1562,,,,,,0.8230880428408169
1563,,,,,,0.7932095466671228
1564,,,,,,0.8351291582768026
1565,,,,,,0.8217313380467182
1566,,,,,,0.7791432390501819
1567,,,,,,0.7810617920224143
1568,,,,,,0.7770441678589117
1569,,,,,,0.7686914470467083
1570,,,,,,0.7691485857498912
1571,,,,,,0.8159270381695893
1572,,,,,,0.8332017131535243
1573,,,,,,0.7895264067030927
1574,,,,,,0.807822817516298
1575,,,,,,0.8507878182892532
1576,,,,,,0.7743400869330774
1577,,,,,,0.7810135494829469
1578,,,,,,0.8170871454401696
1579,,,,,,0.8429132487609545
1580,,,,,,0.7976651183639996
1581,,,,,,0.7872648938667621
1582,,,,,,0.8069586509505804
1583,,,,,,0.789527973386553
1584,,,,,,0.8714694490265099
1585,,,,,,0.8450416853040459
1586,,,,,,0.8804932783067756
1587,,,,,,0.9065091861260997
1588,,,,,,0.9066768136121977
1589,,,,,,0.9057174000722585
1590,,,,,,0.882014535084619
1591,,,,,,0.8944455241303333
1592,,,,,,0.8692796206254003
1593,,,,,,0.8579210731011626
1594,,,,,,0.8781751531713304
1595,,,,,,0.8768732794850689
1596,,,,,,0.8685985287263416
1597,,,,,,0.8409844710105089
1598,,,,,,0.8682840952161762
1599,,,,,,0.8870533672222258
1600,,,,,,0.8785864308474406
1601,,,,,,0.8627359535259795
1602,,,,,,0.8822082549323607
1603,,,,,,0.8712718921484207
1604,,,,,,0.8900238140270949
1605,,,,,,0.9119620135189748
1606,,,,,,0.8682851648182435
1607,,,,,,0.9002251813042728
1608,,,,,,0.9121067244615637
1609,,,,,,0.9011496021828058
1610,,,,,,0.8720396543996578
1611,,,,,,0.8657912007628479
1612,,,,,,0.9015222970480452
1613,,,,,,0.8563742485386895
1614,,,,,,0.9028542634855117
1615,,,,,,0.8818591786862594
1616,,,,,,0.8903662937052297
1617,,,,,,0.9027218678064381
1618,,,,,,0.8200043556575873
1619,,,,,,0.8796059670786838
1620,,,,,,0.8916050832295218
1621,,,,,,0.8569424797199583
1622,,,,,,0.876588281362567
1623,,,,,,0.901371166256574
1624,,,,,,0.8801547380129453
1625,,,,,,0.892653906575623
1626,,,,,,0.9166782049933646
1627,,,,,,0.8972226711423117
1628,,,,,,0.8930966898458819
1629,,,,,,0.8517074786359264
1630,,,,,,0.8869388444589748
1631,,,,,,0.8890139067133034
1632,,,,,,0.874195229770736
1633,,,,,,0.8721277403674375
1634,,,,,,0.8635380618048127
1635,,,,,,0.8765238122752173
1636,,,,,,0.9025975399994643
1637,,,,,,0.9000488132296314
1638,,,,,,0.8943871791618301
1639,,,,,,0.8957849607238355
1640,,,,,,0.9028074245734048
1641,,,,,,0.8137737390195607
1642,,,,,,0.8893853924536907
1643,,,,,,0.8725373793826812
1644,,,,,,0.8602742814258668
1645,,,,,,0.8779944814369995
1646,,,,,,0.9044614803953216
1647,,,,,,0.8808228269970324
1648,,,,,,0.8791162128061866
1649,,,,,,0.9057699367622687
1650,,,,,,0.8909339129480713
1651,,,,,,0.885626922004177
1652,,,,,,0.8568971258342509
1653,,,,,,0.9015584419329397
1654,,,,,,0.8704337934432387
1655,,,,,,0.895605222463433
1656,,,,,,0.7734224501396443
1657,,,,,,0.8965333581677198
1658,,,,,,0.8650635190763409
1659,,,,,,0.8713665198575364
1660,,,,,,0.8778020634446594
1661,,,,,,0.8988775299109928
1662,,,,,,0.9115925119041035
1663,,,,,,0.8355203186502402
1664,,,,,,0.8869959667257005
1665,,,,,,0.8823170071198636
1666,,,,,,0.8889845058698809
1667,,,,,,0.8821216483867467
1668,,,,,,0.8396882633930478
1669,,,,,,0.8982803588174533
1670,,,,,,0.7631106412203912
1671,,,,,,0.8670254693445403
1672,,,,,,0.8831344303332392
1673,,,,,,0.8683841599594492
1674,,,,,,0.8854267128194172
1675,,,,,,0.9059050876532376
1676,,,,,,0.898580713427237
1677,,,,,,0.8897893527457019
1678,,,,,,0.8872474160668151
1679,,,,,,0.8989977683937236
1680,,,,,,0.8973068869985064
1681,,,,,,0.8833571711416699
1682,,,,,,0.9006087217106308
1683,,,,,,0.8574570976214129
1684,,,,,,0.8855454523536158
1685,,,,,,0.8658625222647518
1686,,,,,,0.8858504873887174
1687,,,,,,0.8946362380624205
1688,,,,,,0.9061535375997681
1689,,,,,,0.8770108373159626
1690,,,,,,0.8856152202804227
1691,,,,,,0.8901664768418209
1692,,,,,,0.8870826965301732
1693,,,,,,0.8951433903278669
1694,,,,,,0.9039727060795233
1695,,,,,,0.8974205403506063
1696,,,,,,0.8996633682298723
1697,,,,,,0.8981986405336561
1698,,,,,,0.8374781036143841
1699,,,,,,0.8733052112402082
1700,,,,,,0.901045453990853
1701,,,,,,0.8795978639299595
1702,,,,,,0.8961065818827161
1703,,,,,,0.8629026640046411
1704,,,,,,0.8981312159829984
1705,,,,,,0.9062939848548917
1706,,,,,,0.7993223612289064
1707,,,,,,0.8939007699164512
1708,,,,,,0.8802989174245626
1709,,,,,,0.8769659156986538
1710,,,,,,0.8654082302203215
1711,,,,,,0.885536533156656
1712,,,,,,0.8734311147929353
1713,,,,,,0.8711701730821915
1714,,,,,,0.9038244309984178
1715,,,,,,0.9089763936424062
1716,,,,,,0.8907328756226265
1717,,,,,,0.8660240936865953
1718,,,,,,0.9091358624147197
1719,,,,,,0.8856534151104749
1720,,,,,,0.8809049422562765
1721,,,,,,0.905420603898591
1722,,,,,,0.8735992271363904
1723,,,,,,0.8916598338017461
1724,,,,,,0.8723383498728405
1725,,,,,,0.9024478210630393
1726,,,,,,0.8927547902935717
1727,,,,,,0.8917832288998929
1728,,,,,,0.8909167577816339
1729,,,,,,0.8214870150743334
1730,,,,,,0.88413318412919
1731,,,,,,0.8726738829972762
1732,,,,,,0.8754718165755044
1733,,,,,,0.8808865998783841
1734,,,,,,0.897723957801779
1735,,,,,,0.8987152676557606
1736,,,,,,0.8932478741236274
1737,,,,,,0.8506442215704599
1738,,,,,,0.8772828742901706
1739,,,,,,0.8860698203227362
1740,,,,,,0.8383105409183909
1741,,,,,,0.8958531745645555
1742,,,,,,0.8857501483155441
1743,,,,,,0.8861508164512091
1744,,,,,,0.768839939404595
1745,,,,,,0.8680154715228776
1746,,,,,,0.8757350295063973
1747,,,,,,0.8820304475876548
1748,,,,,,0.9122540055151542
1749,,,,,,0.8919783534589338
1750,,,,,,0.8846307027496325
1751,,,,,,0.8350748758813336
1752,,,,,,0.884700028782724
1753,,,,,,0.8936284046849224
1754,,,,,,0.8819362426009547
1755,,,,,,0.8723230397382837
1756,,,,,,0.8357738263436262
1757,,,,,,0.8972155460194159
1758,,,,,,0.7481604836471322
1759,,,,,,0.8996374832389014
1760,,,,,,0.8411196292229428
1761,,,,,,0.8665997863778211
1762,,,,,,0.8698074190253485
1763,,,,,,0.8815098905862759
1764,,,,,,0.8806020256857013
1765,,,,,,0.897078405034318
1766,,,,,,0.8638483636355416
1767,,,,,,0.8909742425338951
1768,,,,,,0.8428373490728827
1769,,,,,,0.8216519434422953
1770,,,,,,0.8863792601940168
1771,,,,,,0.8564105159078494
1772,,,,,,0.839606132417753
1773,,,,,,0.8835951653758243
1774,,,,,,0.8516443410091591
1775,,,,,,0.8630625462717529
1776,,,,,,0.8733229904585156
1777,,,,,,0.8643831423778695
1778,,,,,,0.8891953584817357
1779,,,,,,0.8883850371459934
1780,,,,,,0.8970205671996002
1781,,,,,,0.9065282507320713
1782,,,,,,0.894960229474739
1783,,,,,,0.8938973781415283
1784,,,,,,0.8802309109108428
1785,,,,,,0.8819354569677806
1786,,,,,,0.8531117632529387
1787,,,,,,0.8721778431934798
1788,,,,,,0.8768900051568294
1789,,,,,,0.8411667381452654
1790,,,,,,0.8587943427075484
1791,,,,,,0.8815050219683751
1792,,,,,,0.8408479522161081
1793,,,,,,0.8683522912195893
1794,,,,,,0.8488438415861332
1795,,,,,,0.8750319234369808
1796,,,,,,0.8727072065818049
1797,,,,,,0.8707499761702261
1798,,,,,,0.8627899564782693
1799,,,,,,0.8858946952862323
1800,,,,,,0.849027154028025
1801,,,,,,0.9040235637435088
1802,,,,,,0.8832356426707868
1803,,,,,,0.8603360549009733
1804,,,,,,0.8645381747851157
1805,,,,,,0.8188320083091052
1806,,,,,,0.8876925294420186
1807,,,,,,0.8693836172955416
1808,,,,,,0.888636125157232
1809,,,,,,0.8802505993919021
1810,,,,,,0.8710518298349939
1811,,,,,,0.8725992433600394
1812,,,,,,0.8678275989074827
1813,,,,,,0.8941209811852708
1814,,,,,,0.8931202900907043
1815,,,,,,0.8763345874419755
1816,,,,,,0.8743621308463815
1817,,,,,,0.8400068295953919
1818,,,,,,0.8619601924182081
1819,,,,,,0.8628363266832602
1820,,,,,,0.8369359505444511
1821,,,,,,0.8817710113682053
1822,,,,,,0.8688535240427827
1823,,,,,,0.8741628735867969
1824,,,,,,0.8688941705675419
1825,,,,,,0.8591744666700527
1826,,,,,,0.8942717116231987
1827,,,,,,0.9148941760180497
1828,,,,,,0.8571176397729874
1829,,,,,,0.8657242752918552
1830,,,,,,0.8649285663553328
1831,,,,,,0.8625784095314957
1832,,,,,,0.7634709614649433
1833,,,,,,0.8606933887149939
1834,,,,,,0.8741896891077399
1835,,,,,,0.8841576416057435
1836,,,,,,0.8610345182647532
1837,,,,,,0.8630381346078353
1838,,,,,,0.8625285640773155
1839,,,,,,0.8498708488953066
1840,,,,,,0.866021764801869
1841,,,,,,0.8724914094608905
1842,,,,,,0.8857501184004536
1843,,,,,,0.8735837871531724
1844,,,,,,0.8260122713209188
1845,,,,,,0.8684937775125616
1846,,,,,,0.7405063401474055
1847,,,,,,0.8786773221842848
1848,,,,,,0.8725734620201067
1849,,,,,,0.8618737800966596
1850,,,,,,0.9107070514768951
1851,,,,,,0.9179514559104931
1852,,,,,,0.9188754210828929
1853,,,,,,0.9003678252981324
1854,,,,,,0.915980904060977
1855,,,,,,0.9012713321469121
1856,,,,,,0.8887346989646245
1857,,,,,,0.8761400181351482
1858,,,,,,0.903613876761278
1859,,,,,,0.8789477045387704
1860,,,,,,0.8914456830068374
1861,,,,,,0.852514382130125
1862,,,,,,0.9038488308279763
1863,,,,,,0.8826943731696345
1864,,,,,,0.893704654879282
1865,,,,,,0.8954568115995233
1866,,,,,,0.8794176731789938
1867,,,,,,0.9063495976005032
1868,,,,,,0.8993489419140164
1869,,,,,,0.9104238983376725
1870,,,,,,0.9092011804340443
1871,,,,,,0.9027598515648385
1872,,,,,,0.9077649837192822
1873,,,,,,0.8911616091844987
1874,,,,,,0.8732984993815492
1875,,,,,,0.8931920908961513
1876,,,,,,0.8995959232769577
1877,,,,,,0.8697203390868342
1878,,,,,,0.9041053714098312
1879,,,,,,0.8935156313540897
1880,,,,,,0.9150778839108253
1881,,,,,,0.8827877931108431
1882,,,,,,0.8132823400801867
1883,,,,,,0.8958128750312375
1884,,,,,,0.8953822685905959
1885,,,,,,0.8986491285336651
1886,,,,,,0.901280797591639
1887,,,,,,0.8761028370233631
1888,,,,,,0.8773237400116591
1889,,,,,,0.8811529795766175
1890,,,,,,0.9192197810770646
1891,,,,,,0.9081187960442327
1892,,,,,,0.8979848408087568
1893,,,,,,0.8346418268739024
1894,,,,,,0.8803925969295419
1895,,,,,,0.8939295981491076
1896,,,,,,0.9010975989621872
1897,,,,,,0.888937740463425
1898,,,,,,0.8629037779964126
1899,,,,,,0.9130775991016741
1900,,,,,,0.8563508239366862
1901,,,,,,0.9018952401407759
1902,,,,,,0.9184403570988068
1903,,,,,,0.9139551317708067
1904,,,,,,0.914675531454844
1905,,,,,,0.8115762827800027
1906,,,,,,0.877269580507866
1907,,,,,,0.8633204016199917
1908,,,,,,0.8973024549535005
1909,,,,,,0.8998539897889124
1910,,,,,,0.9168304685252249
1911,,,,,,0.9012858937523969
1912,,,,,,0.8993139824368217
1913,,,,,,0.8916749890440128
1914,,,,,,0.9100540959201779
1915,,,,,,0.9120165785034601
1916,,,,,,0.8846702666067934
1917,,,,,,0.8484842344833198
1918,,,,,,0.8834575103492839
1919,,,,,,0.8940165471428454
1920,,,,,,0.7535337774178048
1921,,,,,,0.8664712641431962
1922,,,,,,0.8626455619471907
1923,,,,,,0.9067958884504239
1924,,,,,,0.9017367251544959
1925,,,,,,0.8824474191840301
1926,,,,,,0.9033801113547725
1927,,,,,,0.8369264332821299
1928,,,,,,0.873897279025543
1929,,,,,,0.9100148689068158
1930,,,,,,0.8908007665393318
1931,,,,,,0.9244490566550645
1932,,,,,,0.8388911115275128
1933,,,,,,0.9066024718665013
1934,,,,,,0.766150603826821
1935,,,,,,0.8960870805720336
1936,,,,,,0.9047194893198605
1937,,,,,,0.8522578706038653
1938,,,,,,0.8861486712792898
1939,,,,,,0.9087636887940216
1940,,,,,,0.9093937983559814
1941,,,,,,0.9059868628280605
1942,,,,,,0.8977694234114828
1943,,,,,,0.9132146909111367
1944,,,,,,0.8863259507951293
1945,,,,,,0.883322199265052
1946,,,,,,0.9180051638666137
1947,,,,,,0.8640575758037703
1948,,,,,,0.8758339536158606
1949,,,,,,0.8859219878826927
1950,,,,,,0.8919011045742071
1951,,,,,,0.9000338150372444
1952,,,,,,0.9071322125285257
1953,,,,,,0.9078944349259516
1954,,,,,,0.9011761236543103
1955,,,,,,0.8960417694550644
1956,,,,,,0.9046236163998265
1957,,,,,,0.9090782047619979
1958,,,,,,0.899146084938541
1959,,,,,,0.9072282404304179
1960,,,,,,0.9164327990137304
1961,,,,,,0.9028237469971554
1962,,,,,,0.863821666127323
1963,,,,,,0.864357324079448
1964,,,,,,0.9121976186141081
1965,,,,,,0.8730132255904837
1966,,,,,,0.9140072463906557
1967,,,,,,0.8983513682282113
1968,,,,,,0.8879883531936344
1969,,,,,,0.8968511287018757
1970,,,,,,0.818278113330327
1971,,,,,,0.9086005724217556
1972,,,,,,0.8989049489514909
1973,,,,,,0.8876881349100518
1974,,,,,,0.8512043083644455
1975,,,,,,0.9070220997326952
1976,,,,,,0.8902974648434483
1977,,,,,,0.8708851958759208
1978,,,,,,0.9225891902243666
1979,,,,,,0.9084463616095038
1980,,,,,,0.9044342140854131
1981,,,,,,0.8442664760680272
1982,,,,,,0.8818560231510606
1983,,,,,,0.8755916358817624
1984,,,,,,0.8981100236707853
1985,,,,,,0.9128480087243039
1986,,,,,,0.8999071372499126
1987,,,,,,0.9049381798705085
1988,,,,,,0.8875740011846047
1989,,,,,,0.8916393330798558
1990,,,,,,0.9013974561228617
1991,,,,,,0.8945403332040778
1992,,,,,,0.9039674658326611
1993,,,,,,0.8053167882488943
1994,,,,,,0.9106886736951756
1995,,,,,,0.8815697757718264
1996,,,,,,0.8797351737712161
1997,,,,,,0.887087519501149
1998,,,,,,0.9163902941111934
1999,,,,,,0.9180748250129352
2000,,,,,,0.8978728384021739
2001,,,,,,0.8708018443684956
2002,,,,,,0.8956482038456278
2003,,,,,,0.9085896301819736
2004,,,,,,0.8810674006142127
2005,,,,,,0.8356677955910568
2006,,,,,,0.8956570034178363
2007,,,,,,0.9078566782144368
2008,,,,,,0.7471965940705874
2009,,,,,,0.8912168993449795
2010,,,,,,0.9119902120767139
2011,,,,,,0.8863294527250788
2012,,,,,,0.8954562654438321
2013,,,,,,0.9111087450363157
2014,,,,,,0.9236243733751466
2015,,,,,,0.8321099567907834
2016,,,,,,0.8804978758669226
2017,,,,,,0.900559506693639
2018,,,,,,0.8955985186155505
2019,,,,,,0.8933081197723305
2020,,,,,,0.8486893528528043
2021,,,,,,0.9046008584377212
2022,,,,,,0.738284981791365
2023,,,,,,0.91847125103658
2024,,,,,,0.901240258992796
2025,,,,,,0.8558593827587685
2026,,,,,,0.8542385442985257
2027,,,,,,0.8896043038887911
2028,,,,,,0.8681583937439046
2029,,,,,,0.8652072554648859
2030,,,,,,0.8681196817022659
2031,,,,,,0.8893958974962392
2032,,,,,,0.8745139047761621
2033,,,,,,0.881863127163562
2034,,,,,,0.9119897231378626
2035,,,,,,0.8662418257421334
2036,,,,,,0.8785533216204953
2037,,,,,,0.8859385569655698
2038,,,,,,0.8876628055590359
2039,,,,,,0.8973836793536445
2040,,,,,,0.8930972240997954
2041,,,,,,0.8823673917069275
2042,,,,,,0.884156732453844
2043,,,,,,0.9049171099302963
2044,,,,,,0.8883362544213961
2045,,,,,,0.8925633650420723
2046,,,,,,0.9056429441709896
2047,,,,,,0.8754923886718717
2048,,,,,,0.8965534890884443
2049,,,,,,0.8955601539594835
2050,,,,,,0.8430010939745254
2051,,,,,,0.8713895458715675
2052,,,,,,0.9012121328602538
2053,,,,,,0.8988382173936744
2054,,,,,,0.8936480555863298
2055,,,,,,0.8745406007245811
2056,,,,,,0.8737155893152989
2057,,,,,,0.8943973315678304
2058,,,,,,0.792694090405059
2059,,,,,,0.9043132494071433
2060,,,,,,0.8648838185506271
2061,,,,,,0.8991739940628449
2062,,,,,,0.8346145734553216
2063,,,,,,0.8774053233294243
2064,,,,,,0.8911250435000007
2065,,,,,,0.857954311864149
2066,,,,,,0.8984147641791493
2067,,,,,,0.9066755523098775
2068,,,,,,0.8963255725952112
2069,,,,,,0.8613159933041954
2070,,,,,,0.8631972103380388
2071,,,,,,0.8911611336166978
2072,,,,,,0.8870115559196741
2073,,,,,,0.9090939333966643
2074,,,,,,0.904514856985033
2075,,,,,,0.9049275679964801
2076,,,,,,0.8532041375524411
2077,,,,,,0.8798166124210967
2078,,,,,,0.897341926300103
2079,,,,,,0.8717921799963049
2080,,,,,,0.8758124685033684
2081,,,,,,0.8110058861237015
2082,,,,,,0.8909044610223688
2083,,,,,,0.9000014500377909
2084,,,,,,0.8773280319948016
2085,,,,,,0.8618531663558313
2086,,,,,,0.875706994621863
2087,,,,,,0.9032811972649755
2088,,,,,,0.9043981574197087
2089,,,,,,0.8254618471392701
2090,,,,,,0.8767842430234756
2091,,,,,,0.8971713323397987
2092,,,,,,0.8735337919657278
2093,,,,,,0.8372672669543024
2094,,,,,,0.86959502659568
2095,,,,,,0.9078422753145283
2096,,,,,,0.9131272309490321
2097,,,,,,0.7237112288528521
2098,,,,,,0.8818917643631623
2099,,,,,,0.8788498468736119
2100,,,,,,0.876565281534188
2101,,,,,,0.9085416520074249
2102,,,,,,0.8882375925999242
2103,,,,,,0.8222025988796247
2104,,,,,,0.8795779984150189
2105,,,,,,0.8835721235344645
2106,,,,,,0.879523901754026
2107,,,,,,0.8648542328326434
2108,,,,,,0.8197014050418368
2109,,,,,,0.8851935709035823
2110,,,,,,0.6942580988055918
2111,,,,,,0.9218840474049739
2112,,,,,,0.8766197975966219
2113,,,,,,0.8654455959041165
2114,,,,,,0.8694439321748643
2115,,,,,,0.8917530150838324
2116,,,,,,0.8870840446802942
2117,,,,,,0.8735592474829341
2118,,,,,,0.8587936137003606
2119,,,,,,0.8914168525596884
2120,,,,,,0.859155637507544
2121,,,,,,0.8581296448947304
2122,,,,,,0.8848735867783453
2123,,,,,,0.8630241073605194
2124,,,,,,0.8537762407894062
2125,,,,,,0.8565656994197149
2126,,,,,,0.8757682002681223
2127,,,,,,0.8826271035792504
2128,,,,,,0.8711001584986988
2129,,,,,,0.8523693293154465
2130,,,,,,0.8754693412252921
2131,,,,,,0.8640428497240774
2132,,,,,,0.8691810973034009
2133,,,,,,0.8765802020250477
2134,,,,,,0.8654462781191539
2135,,,,,,0.8838197350747587
2136,,,,,,0.8894964996408834
2137,,,,,,0.8991285395180275
2138,,,,,,0.8628974714801918
2139,,,,,,0.8501786695600291
2140,,,,,,0.9036564237116352
2141,,,,,,0.8707952050743121
2142,,,,,,0.9058597337975118
2143,,,,,,0.8563426771713059
2144,,,,,,0.8890706295986484
2145,,,,,,0.9038841757130909
2146,,,,,,0.7850268505169802
2147,,,,,,0.8898499596950322
2148,,,,,,0.8862156148131208
2149,,,,,,0.8445465183315839
2150,,,,,,0.8590459737561411
2151,,,,,,0.902926831202041
2152,,,,,,0.8604928707373461
2153,,,,,,0.856310249389124
2154,,,,,,0.8870306468590725
2155,,,,,,0.9027478767686965
2156,,,,,,0.8981067190313454
2157,,,,,,0.8524314729893222
2158,,,,,,0.8728971536190545
2159,,,,,,0.8495384789126557
2160,,,,,,0.8725307711176779
2161,,,,,,0.8761612076160685
2162,,,,,,0.8799420796902331
2163,,,,,,0.8788973593533383
2164,,,,,,0.9101060449914729
2165,,,,,,0.8905426642650414
2166,,,,,,0.870410170815691
2167,,,,,,0.8949000225262771
2168,,,,,,0.8940282413933374
2169,,,,,,0.7902123970256418
2170,,,,,,0.8802763466156227
2171,,,,,,0.8740811507886901
2172,,,,,,0.8522416148751951
2173,,,,,,0.8405582322243819
2174,,,,,,0.8797063809738994
2175,,,,,,0.8917649251197318
2176,,,,,,0.8780224266442145
2177,,,,,,0.8592159261451713
2178,,,,,,0.8886169591001224
2179,,,,,,0.8743414346904693
2180,,,,,,0.8893650338191472
2181,,,,,,0.810280909645908
2182,,,,,,0.8685097772600463
2183,,,,,,0.8686623225653703
2184,,,,,,0.8742833977592931
2185,,,,,,0.7543906183676945
2186,,,,,,0.8894282580936317
2187,,,,,,0.8666436918581456
2188,,,,,,0.8749510519438837
2189,,,,,,0.8828422762388177
2190,,,,,,0.8967668319797406
2191,,,,,,0.8632914999132142
2192,,,,,,0.8156165971049667
2193,,,,,,0.852231740718318
2194,,,,,,0.883595524988732
2195,,,,,,0.8576875824010048
2196,,,,,,0.8463289900582933
2197,,,,,,0.8052550907924394
2198,,,,,,0.8854452304724214
2199,,,,,,0.8847829269110009
