Subjects,Twin_MZ_1A,Twin_MZ_2A,NotTwin1,Twin_DZ_1A,Twin_DZ_2A,Twin_DZ_3A,Twin_DZ_3B,Twin_DZ_4A,Twin_MZ_3A,NotTwin2,Twin_MZ_4A,NotTwin3,Twin_DZ_2B,Twin_MZ_5A,Twin_MZ_6A,NotTwin4,NotTwin5,NotTwin6,Twin_DZ_5A,Twin_MZ_7A,Twin_DZ_6A,Twin_MZ_8A,Twin_MZ_3B,NotTwin7,Twin_MZ_9A,Twin_MZ_10A,Twin_DZ_7A,NotTwin9,NotTwin10,NotTwin11,Twin_MZ_11A,Twin_MZ_12A,NotTwin12,NotTwin13,Twin_MZ_13A,Twin_DZ_8A,Twin_MZ_11B,Twin_DZ_9A,Twin_MZ_14A,Twin_MZ_15A,Twin_MZ_14B,NotTwin14,Twin_DZ_10A,Twin_MZ_10B,Twin_MZ_8B,NotTwin15,Twin_DZ_4B,Twin_MZ_16A,Twin_DZ_11A,Twin_MZ_17A,Twin_MZ_1B,Twin_MZ_4B,Twin_DZ_6B,Twin_MZ_18A,Twin_DZ_10B,NotTwin16,Twin_MZ_16B,Twin_DZ_12A,NotTwin17,Twin_DZ_7B,Twin_MZ_6B,NotTwin18,NotTwin19,Twin_DZ_8B,Twin_MZ_7B,Twin_MZ_15B,NotTwin20,Twin_MZ_12B,Twin_MZ_18B,NotTwin21,NotTwin22,Twin_MZ_19A,NotTwin23,Twin_MZ_2B,NotTwin8,NotTwin24,Twin_DZ_1B,Twin_DZ_13A,Twin_DZ_12B,Twin_MZ_5B,Twin_DZ_13B,Twin_DZ_9B,Twin_MZ_13B,Twin_MZ_17B,Twin_DZ_11B,Twin_DZ_5B,Twin_MZ_9B,NotTwin25,Twin_MZ_19B
NotTwin1,0.9791793326119003,0.9723679034719881,0.9974563404534845,0.9785968972760752,0.9845408761401239,0.9852453147426867,0.9773159504789524,0.9804556267689981,0.9744150082707538,0.9763874207707688,0.9874341488354343,0.9868996076912091,0.9737299928910481,0.9862401558438285,0.9766195207732764,0.9793819551183527,0.9820888716505352,0.9787701279722224,0.9765110284746187,0.9769866532980025,0.9795769337776941,0.9857669749469459,0.9797209638070523,0.9787802635728536,0.9895932590005077,0.9801609195183445,0.9882178820535714,0.951077584941508,0.9871082257669479,0.9867181142572892,0.9851073979650149,0.9845514338330106,0.9871442872504548,0.9787380519664124,0.9584303841780932,0.973813053485588,0.9807258755789012,0.971060084812865,0.9777667410053708,0.9762092390754098,0.9739678753770347,0.9799659680262907,0.9796123021558636,0.9860116830721932,0.989594197340717,0.9650612159753766,0.9763998757676835,0.9690722366172344,0.9800502244998435,0.9859073842103978,0.978965800626016,0.9856752166030256,0.9762656774780331,0.985021903501152,0.9381101551640464,0.9832489634663892,0.9770365679174648,0.9446735366854684,0.9891023283515628,0.9841779878437191,0.9789965951853178,0.9861080452676096,0.9717101104423784,0.9849497025789775,0.9775434972877852,0.9798968769132794,0.967233430487195,0.985042992478246,0.9849776412093159,0.9613884466661105,0.9799509759762766,0.9812136950393244,0.9745338691662615,0.9656750185603178,0.9825846448534172,0.9828066763844623,0.9863236846564835,0.9831544694557659,0.9788441780406199,0.978169856331838,0.9780475044454084,0.9794296126033817,0.9804410458047171,0.9847997883817206,0.9763568322417558,0.9681952789242435,0.9912202693641112,0.962678424200451,0.9789867251761917
NotTwin2,0.9523556595581051,0.9551375087021686,0.9737706670563917,0.9773663045681147,0.9796762140262681,0.9691326586567792,0.9780686712518483,0.968923830857237,0.9680470505630352,0.9953300573207794,0.9793820187819886,0.9782833577803678,0.958624327712651,0.9748668348005336,0.9706151764064018,0.9669142138399591,0.9723196036857513,0.9741489565152956,0.975325238234338,0.9797635036267263,0.97790431511634,0.9686925267052301,0.969878244439213,0.9819115700429898,0.982196272068186,0.9714903180953192,0.9619235076113046,0.967172355106052,0.9756542714613272,0.9833629904631493,0.986513081216631,0.9693369210435536,0.9773116396445032,0.9769253967067396,0.9373266438772542,0.9698758978690796,0.9856940373399949,0.9672758893288989,0.9684589041011478,0.9565090511328003,0.9725040542883727,0.9681386951320232,0.9874209975415125,0.9805595226556902,0.9752983776051556,0.9813682877592174,0.9612423190241144,0.9758784342821105,0.9728807082120918,0.9741858185909873,0.9534642479590898,0.9742295988900973,0.9523826430789726,0.9655956659271357,0.9688259376931154,0.9833059590259783,0.9829823383467159,0.9204940819669558,0.9761846501383102,0.9678420230783273,0.9605905761078857,0.9792328623898118,0.9840629050801448,0.9811467417308404,0.9818927019095709,0.9578126292866098,0.9614510375711475,0.9735307604912506,0.9654754415154633,0.9222078604428001,0.9874692183387412,0.9754101582963726,0.9728134203672205,0.9450172886885879,0.9663687388634816,0.9772257872515588,0.9770729843990458,0.9589605928902942,0.9697039684147339,0.9784148332319862,0.9614238650240172,0.9828452850524079,0.9601689603112791,0.9725592930145286,0.9654013667165975,0.9553636985371113,0.9730024608048742,0.9432225610967515,0.9658861381551518
NotTwin3,0.9780118806467559,0.9656167923577774,0.9855331878236373,0.9768191794201375,0.9825032576964796,0.9841196131066361,0.9785092869916348,0.9756722330013221,0.9775158348233026,0.9790401423709871,0.9827804636249553,0.9975128868392864,0.9681227529261417,0.9772496565965512,0.9771418395302154,0.9754794566270029,0.9835977991314615,0.9762145904859381,0.9784541724892113,0.9793106146699442,0.9836672588687205,0.983934442594266,0.9851286275679854,0.9818469946347395,0.9893402592324003,0.9837238825631152,0.9833920543796666,0.9590313037164846,0.9892444939495559,0.9907484360232741,0.9911415657146327,0.978047127606043,0.9871796249255036,0.9803950356701185,0.9520986103453424,0.9725140148123745,0.9875211665558952,0.970776060290574,0.9695412040754401,0.9771728654245273,0.9727498242728185,0.9807188342912401,0.9822714953713247,0.9855789955758956,0.9875824701598503,0.9752402287880919,0.9723755875059998,0.9734878875602979,0.9722384814271481,0.9883766489971413,0.9802187836738684,0.9798840911588113,0.9739356387471154,0.9858001126040231,0.9478823891196579,0.9872691320009159,0.9824608342687371,0.9368278272849322,0.9874312199008461,0.9850205376112431,0.9763747169964976,0.9888886954804154,0.968071022142242,0.9831365515930619,0.9829247809535575,0.9803713019811429,0.9583481785607781,0.9795048993926432,0.9831342218136008,0.9385941247456444,0.9814551314933383,0.9767154325753883,0.9774190490689303,0.9611406823513197,0.9802520409611777,0.9857460264110497,0.9849577039489839,0.972205406684709,0.9820675915030019,0.9768220385316436,0.9679116232112652,0.9810762385847671,0.973537994997413,0.9869627145331726,0.9690360500312802,0.9685087574969802,0.9869190060391902,0.9548903381836413,0.9736404653152273
NotTwin4,0.984164183441463,0.9714496236822441,0.983537465418824,0.9818235822615489,0.9866959520151817,0.9886693998918159,0.9780118468696417,0.9855283683929473,0.9896500104617402,0.9749989606840443,0.985685904769273,0.9857337780897948,0.9747597346474639,0.9788674174730813,0.9859254421403632,0.9899386814853518,0.988996720322574,0.9736988339332338,0.983861626183993,0.9772577879290938,0.9803062962845492,0.9885014466764311,0.9865304910268817,0.9782039673310009,0.9892958223969258,0.9903154425900093,0.9845209229616099,0.951049343898317,0.9840173028652217,0.9856429122608691,0.9865324538285303,0.9847233414323366,0.9875032566866478,0.9873247256879188,0.955036729954518,0.9756519206764269,0.9803042600772214,0.9723470444274769,0.9790669416354447,0.9856862577946828,0.9711580683979765,0.9815446718008731,0.9810792218409295,0.9904718924642333,0.9897267356755294,0.9725336926453674,0.9854329491956983,0.9680229587139173,0.9758566885681577,0.9849617350350237,0.9839045570269321,0.9850617693705224,0.9799066269536991,0.9860641721091314,0.9336386580924765,0.9812599739523415,0.9730405006049835,0.9481344776180776,0.9868930824467221,0.98922538692636,0.9840740614932226,0.9872541766947758,0.9630009135359519,0.9854965703772478,0.9844776911207687,0.9861853413065658,0.9689620271108266,0.9838196377758,0.9899216243108777,0.9535963382657235,0.9777241453187282,0.9843190862378803,0.9755090099621522,0.9552137592653196,0.9771679440240417,0.9818422702775235,0.9848265675947163,0.9686257491882062,0.9909038813252842,0.977556530353494,0.9708632375488668,0.9788920882260921,0.9780288596441578,0.9834496887405111,0.974370098963401,0.9649805661055134,0.9883652293614034,0.9579283619816419,0.9819889968005073
NotTwin5,0.9859833540597359,0.9695669433054496,0.9835669491625736,0.9797839263559736,0.9849169053873568,0.9926712428982283,0.979632697353624,0.9848492279231447,0.983670601035173,0.9726848485527009,0.9867996129538091,0.9850239813376065,0.9744775056256768,0.9818394151343155,0.9873600171659843,0.9836925674431423,0.9969228386695524,0.9772716656546072,0.9790272691732798,0.9797668041414668,0.9822672411206751,0.9925413650972114,0.9890727430066859,0.9823987960301013,0.9878280515950324,0.9896183172976702,0.9858230371128667,0.9565148456351578,0.9882724166133362,0.9865627629130875,0.9841210104341398,0.9866194570745953,0.9847996874952262,0.9829161087052625,0.9604132812947941,0.9793636443799663,0.978832360828761,0.9781538839468793,0.9815993100299027,0.9850894982415583,0.9734370205836673,0.9852950059175891,0.9776127960971239,0.9867178688361997,0.9918139144544456,0.9693553603348234,0.9841843423582,0.973515062714325,0.9787406629376726,0.9881969915330517,0.9860432021781681,0.9874055163740045,0.9813118096808675,0.9908932759965386,0.9350791536930704,0.9838787891681453,0.9773311528557589,0.9489521779018846,0.9880226590341228,0.9899981330977823,0.9874303797249183,0.9904979604705269,0.963350299707429,0.9869173488004706,0.9835117033818856,0.9877178341049833,0.9746399929192513,0.986726082887684,0.9920233950154012,0.9586293449535767,0.9769180820454422,0.9785267931953583,0.976721955786662,0.9628292295769478,0.975409992853957,0.9849398524795787,0.9859003577994627,0.9736199375704083,0.9865498238269852,0.9821510819836468,0.9703261774116794,0.9812938581253103,0.9810225478566136,0.9878103215370804,0.9788630828555591,0.9699122729354988,0.9894675802610868,0.9568836114426038,0.9796691387961296
NotTwin6,0.972748422569691,0.9658893304953046,0.9785234217745564,0.9807429852885016,0.9855610610238139,0.9842584177264192,0.9842092986103891,0.9858535477044981,0.9646124203926388,0.9813711944055693,0.9859778859365442,0.9763037584868425,0.9831326260696837,0.9892794294133911,0.9774991098895871,0.9740332978329966,0.9790526810351807,0.9966382409701504,0.9779557182014782,0.9883907121687054,0.9776388958779509,0.9821101533062934,0.9754023263901892,0.9826227892959967,0.9840602582463037,0.9748136567441983,0.9753850256567634,0.9709669614499344,0.9806620398085979,0.9830337488799743,0.9814843217331782,0.9887290217472162,0.9733650353190881,0.981247906041684,0.9583848255927787,0.9876600726373204,0.977238696436274,0.9864519236477469,0.9877757194914603,0.9597972076296657,0.9841880894290067,0.9669147809614671,0.9835783508139543,0.9789632027122723,0.9827974055839015,0.9634959668205674,0.9753311204537276,0.9780717153526948,0.9878291501409724,0.9808649233547666,0.9685520991632675,0.9854389373417842,0.9593628541987067,0.9755979894664525,0.9427128904450819,0.978544503675979,0.9858003607051885,0.949364316859558,0.9866462008493485,0.9779488517631973,0.9818240163048351,0.9841531768498433,0.9745125761474926,0.9874765077220241,0.9853104087016546,0.9646631889842839,0.9855505678638166,0.9928305061045959,0.977125429704669,0.96453994310266,0.9773570202035573,0.9801274336638639,0.9834527724074207,0.9518312051609308,0.9685314235572386,0.9867690556336194,0.9832569019067003,0.9674943599182874,0.9762566582994314,0.9867502571362119,0.9679859450568835,0.9830388598472137,0.98705086307156,0.9802121852070224,0.989213694228671,0.9606619802435608,0.9827166635175655,0.949920280106719,0.9802357894155188
NotTwin7,0.9333265843331114,0.9450463170351946,0.9376138504803686,0.9409414715812263,0.9462784640171833,0.949300058612956,0.9475245671725281,0.9384413640798903,0.9305981056034902,0.9462460378435364,0.9464155468606179,0.9432567842455128,0.9222766876764379,0.9511366738960785,0.93962085878347,0.942584184326007,0.9497045996326262,0.9386646027146401,0.9484856166927971,0.9427738899040415,0.9519983811238454,0.9471084593109734,0.9446743099094865,0.9532062211882384,0.9498920960929018,0.9466656270714902,0.9311643407997787,0.9321172369229959,0.9401493992369512,0.9509769179271796,0.9463071507024622,0.9442851332434702,0.9415881336878804,0.9388678605940524,0.9598042132243974,0.9335294363754705,0.946359294266941,0.9371517198342765,0.9425156561693611,0.9350542135507064,0.9378533394988682,0.944019663774539,0.9426905490958664,0.9456855648792007,0.9481240610851471,0.9374590742126958,0.9422176014597273,0.9541281375233159,0.9395733941231559,0.9447927471298969,0.9410880620125794,0.9445898903328853,0.9400636541714538,0.9428226965978073,0.9297470938703658,0.9495735130034637,0.9466496607262622,0.9347010786968941,0.942373483671544,0.9379341375523202,0.9382017820021016,0.954974598284378,0.938623988120181,0.9438234620374559,0.9510170030067677,0.9360295195933148,0.9331496065651919,0.944007607994226,0.93884245842188,0.9162912194140735,0.9465463593977036,0.9437058664230364,0.9443819403255316,0.9558420729701671,0.9389784003611774,0.9475185787983473,0.9453444291535551,0.9543396861136603,0.9405087964862572,0.9480688183828079,0.9648201078094838,0.9456627051283742,0.9363224094564501,0.9466540990485461,0.9383355999806187,0.9462676698811356,0.9449152611789224,0.9547418400061868,0.9380314173561815
NotTwin8,0.9651337129080826,0.9803340487496693,0.9698052769774108,0.9639943832761956,0.9678118870493839,0.9679874906849877,0.9624494269940571,0.9657140732338296,0.9573900395437895,0.9597000264017276,0.9707727206714164,0.9669286691695357,0.9530865412309071,0.9719099526559595,0.9613325201196912,0.9692902816294817,0.9682411145631873,0.9598133105776401,0.9629270260791492,0.9584727604693133,0.9650559898024258,0.9684678376315641,0.9631552940375119,0.9626783573706361,0.9701463909250987,0.9686557074967872,0.9636875985265743,0.937928500998608,0.9674589467446371,0.9700776924365178,0.9669411017179443,0.9677571544416685,0.9679990557559468,0.9650846117876861,0.9660855599395843,0.9557417211339996,0.9642927500508625,0.9557599840898814,0.9611687882712698,0.9627416983687032,0.9553317770014031,0.9595233958164233,0.9619330520735746,0.9688742735320448,0.9704854427487719,0.9454653205009211,0.9693961308943133,0.9590064740024123,0.960151164690212,0.9673707026254357,0.966562864559946,0.9673075504176265,0.9747254009488289,0.9666463151217748,0.9217367551256963,0.9639977016421604,0.9600638353059435,0.9560142237180322,0.9688120070336093,0.9657532682224252,0.965487895514797,0.9689624911868093,0.9496507226235806,0.9648941169913381,0.9640922992407823,0.9644953354037002,0.952228008034159,0.9641893272599411,0.9675982302937817,0.9426106487876411,0.9594372889042915,0.9683562875603633,0.9618654340616327,0.9674749719951441,0.9787461641353548,0.9624666397589251,0.9668070337944574,0.9765937417162864,0.9671983379704101,0.9605958737520901,0.9775009318220457,0.9622409138545226,0.9637038928316208,0.9675914167854565,0.9572213179212923,0.9600457561369914,0.9699564312959222,0.9674423097466234,0.9655093521969265
NotTwin9,0.9380580719871799,0.9465157138734184,0.9534341981798422,0.9681990988356004,0.9732615453544249,0.9654077026816794,0.9814775503362283,0.9596078825572771,0.9525444048394677,0.9817765771623308,0.9700175617647344,0.9641400096085888,0.9505376463803881,0.9717810783080498,0.9610466950907426,0.953047279027522,0.9647725531677147,0.9801292242506813,0.9708282960363961,0.9884055151113554,0.97602536995961,0.9598472072341351,0.967109236303223,0.982192790538446,0.96951437373517,0.9584381104684123,0.9451481385296359,0.9935711177263473,0.9667880060863483,0.9769087161900243,0.9756304135500006,0.9690475322803649,0.9594383549762502,0.966870202550764,0.9308411500735959,0.9758540413469696,0.9762414275372913,0.9725208958045013,0.9682212832496773,0.9382584887238397,0.9801101953314428,0.9627169593732661,0.9818809585246921,0.9672721691571862,0.9652912558242297,0.9757970085827787,0.9530129912059957,0.9858418518359962,0.9726905500301359,0.9691663196975726,0.9358619722552128,0.9648759169482358,0.9276214334492405,0.9575887474466016,0.9739538859273241,0.9759883043960065,0.9882137165640351,0.9172122815393655,0.9638928967529072,0.9555604640952592,0.9580221733783265,0.9719696641448287,0.9830622048848978,0.9786153779307339,0.9824801023244438,0.9451814974985002,0.9637138978525239,0.9723832667554946,0.9533184864501315,0.9102035163268536,0.981572533073819,0.9607092612549444,0.9773372307969577,0.9372304845877417,0.9432096719100116,0.9780046354610392,0.9678334498821803,0.9410766800920323,0.9556399837544762,0.982402128288965,0.9454197733962337,0.9809348307658472,0.9571109938998512,0.9675759684983841,0.9678705262299163,0.9605229292642307,0.9588624994294872,0.9290969704362211,0.9541609889916005
NotTwin10,0.9807396397090657,0.9660921082099228,0.9875306762210522,0.9804285049759623,0.9852221635591469,0.9858370401754295,0.9786653828207719,0.9807107959331058,0.981216392798709,0.9789218052528856,0.9865097243434904,0.9908486574118298,0.9662531925851341,0.9813308994321042,0.9809434872943377,0.9757352190144974,0.9864380354691966,0.9800766494222568,0.9785381078198672,0.981819073163098,0.9860904601429219,0.9886254555669421,0.9875974801570617,0.9836207976717669,0.9893432119534821,0.9851124399672085,0.9871949751934408,0.9604650150121237,0.9972984669552156,0.9919499562343236,0.9900494454405744,0.9828903393683026,0.9864015741172617,0.9828928400572605,0.9483951703792994,0.9741979136426866,0.988081292910612,0.9713706304206875,0.9750360251063579,0.9822852137029441,0.9783121201282088,0.986116260628084,0.9814879421327212,0.9877074720950243,0.9919799074117945,0.9785639555856493,0.9762654402724278,0.9733555610845833,0.9785647367955339,0.9892953881502023,0.978911594059332,0.9832398286618489,0.975708685723748,0.9894194410477604,0.9479366876588697,0.9882397256946751,0.9832641070820527,0.9346985150334375,0.9871161781587076,0.9906820465777004,0.9802094393584218,0.9878104451684849,0.9729393454389772,0.9876122038817279,0.9829553565290241,0.9849782499191351,0.9634147200844332,0.9823534973098456,0.9873282063694822,0.9427635874170146,0.9807741736217739,0.9770411678128958,0.9773278734355888,0.9616892883436577,0.9800219691282759,0.9874154349352042,0.9865476768071164,0.9716817151566497,0.9831640620279899,0.979516239451834,0.9630214266756807,0.9830032784295129,0.9749241399359629,0.9885575424201137,0.9716047356378008,0.9685751892101615,0.9885385154252053,0.9511646988362058,0.9755491622030827
NotTwin11,0.9733443907522346,0.9659636228623694,0.9827043808240594,0.9846129770583771,0.9888688970070152,0.9871600416689545,0.9864592647221799,0.9792395542156107,0.9761099774920723,0.9862879439514973,0.9861556313423296,0.9894771975661225,0.9665572127827993,0.9849367908537309,0.9791956836953954,0.9747337645124983,0.9849985193164347,0.9848039592018618,0.9841600019343268,0.9908389701609848,0.9905444492226712,0.9855879998401473,0.9878273855522923,0.9905572790380428,0.9896265289833351,0.9846664023244684,0.978643157887892,0.976760392070227,0.9912948980037525,0.9963269235650023,0.9922285701492941,0.9847528289400003,0.9839762907395714,0.9842796699206279,0.9521205864676109,0.980555978185967,0.990815311501507,0.9793030093846455,0.9813746554679712,0.9755426563966358,0.9853637982152248,0.9851907196814541,0.9895514430658545,0.9878025235413744,0.9884033991792925,0.978775491698441,0.9742797120850808,0.9842519325615313,0.9816119004630945,0.9910622728811267,0.9732534338674423,0.982666709781875,0.9659361092669807,0.9859157551211601,0.9640268747797467,0.9897309822227789,0.9916633195045795,0.9378122195372494,0.9870093432535075,0.9858579162736409,0.9792284565271856,0.9906437317202913,0.982209844275706,0.990734596355283,0.9890553502712016,0.9783277247634046,0.9687966192586427,0.9855404399310682,0.9808398333289094,0.9403707287513177,0.9878049484530271,0.9777493481791713,0.9851054743040978,0.9590033724495745,0.9746346827114465,0.9913001490688309,0.9894393442855144,0.9695892598116199,0.981367548715659,0.986498236795581,0.9682932841839413,0.9909102240068473,0.9768927128639049,0.9900231661538734,0.9769472335266446,0.9753937586628287,0.9849797196726828,0.9523575660349073,0.974775476385894
NotTwin12,0.9731495654671392,0.9675831360924863,0.9887538222825649,0.9837245509138524,0.990583661681564,0.9844113745321196,0.9800229252542417,0.982010979428931,0.9784913250577443,0.9804636733472472,0.9915116517217308,0.9861139095641396,0.9722639889193384,0.9828476524733107,0.9821411859186402,0.9771461813890621,0.983487355811441,0.9781778307731179,0.9858031470095392,0.9793863463949296,0.9873711252961042,0.9818643719622606,0.9838303069745464,0.9791246069144792,0.9907601860129756,0.9851505716255141,0.9775843703270677,0.9562380240217043,0.9845624777328426,0.9860228550308696,0.9883078407086696,0.985753646262664,0.9981137941179037,0.9833230207376626,0.9542428659284793,0.9756660466117341,0.9875981645307208,0.971304427941827,0.9752104439143809,0.9776967573690265,0.9764420602345939,0.9761800112089906,0.9823759815509512,0.9916001976077321,0.985758506398426,0.9658982205178497,0.9781825627030187,0.9710244495674343,0.9793374452605146,0.9880875340751267,0.9713035635926273,0.9888215014847935,0.9678181325023538,0.980244458817262,0.949231573863843,0.9865225251714825,0.9776787232763291,0.9325801114650204,0.9858534845380672,0.982461085757474,0.9796438237473815,0.9858756646960218,0.9746986185314945,0.9865376418393439,0.9806305380005946,0.9803590224001167,0.9654074025647384,0.9828190348901937,0.9807484604150184,0.9479214132259208,0.9867525498220011,0.987686240327417,0.9799597461397,0.9644720853655189,0.9765575114082083,0.9821040619402193,0.989243090476709,0.9759261040301553,0.9830562170203503,0.982652414210835,0.9757377399828817,0.9846672366003871,0.9766006866768953,0.9873828542013234,0.9733176907653203,0.970331510428013,0.9887537800997218,0.9665174889281398,0.9859163583725217
NotTwin13,0.9809553089752453,0.971467470029161,0.9817174360662965,0.992094847226215,0.9907857616250845,0.9902006569039026,0.9876198601673984,0.9892013319688182,0.9822912744132954,0.9796115648952366,0.9898578855827316,0.9823883166596521,0.9784148139667022,0.9866410648583257,0.9883896614135029,0.9823829205735024,0.9864741826772042,0.986306212815564,0.9873667038548702,0.987296770377172,0.988045244830143,0.9874672948058074,0.986191119450868,0.9820602484029722,0.9895129480530057,0.989844463051274,0.979598323345946,0.9650293813395749,0.9857552381059079,0.9886050243819965,0.9895173035342852,0.9912969204900834,0.9865000410182581,0.9960668286124825,0.9639522942376574,0.9845560347028914,0.9852776141044397,0.9830869099763289,0.9852825791116792,0.9800594049085077,0.9822673367870591,0.9779616138019971,0.9868166844306573,0.9904402372939041,0.9876041068446157,0.9655014423374972,0.9873855050118691,0.979389953657591,0.9855808875047023,0.9925386337358868,0.9786038472493711,0.9884659860128847,0.968438467507122,0.9823719668768943,0.9437421780541557,0.9848738391886384,0.982300092374434,0.9515425412425271,0.9893471476304105,0.9868837432065041,0.9897217117029043,0.9893872383444403,0.9705582477558522,0.988548653636127,0.9882479545665018,0.982854601918259,0.9783660580269425,0.9872689352962822,0.984342551081322,0.9569084163388768,0.9820403641059484,0.9894288807198042,0.9898248359431097,0.9594812137648355,0.9760934548857051,0.9870600590814367,0.9888163397865248,0.9701842200687891,0.9886052120694402,0.9858254630018553,0.9741136109225489,0.9872652927516004,0.986336647139396,0.9928439528755146,0.9842214989956625,0.9748118721229123,0.9856666480554724,0.9632406824430235,0.9880869663617218
NotTwin14,0.970547726003771,0.9593699122660613,0.9799998036564523,0.9726433803180252,0.9755030456038045,0.982845509496558,0.971927449450345,0.9699063486421937,0.9786922605418554,0.9646128260975091,0.9746717694911111,0.9779739405807117,0.9503803268256967,0.9725461714515847,0.9741562275971998,0.9707831049794436,0.9804138490073602,0.9618812986957277,0.9733568123711247,0.9731766286805257,0.9824823247019764,0.9856295551848957,0.9805223847049839,0.9749329308891188,0.9827069165907407,0.9819642079016647,0.9812189975975634,0.9506411449657395,0.9836219849816534,0.981217749456845,0.9777301083400484,0.9724500238718171,0.9764101320056997,0.9744632234989887,0.9442498808489664,0.960656409890629,0.9746938850768097,0.9558974287666198,0.9730445314950762,0.9835192800186001,0.9667705841785115,0.9974312539060248,0.970753929857377,0.9820087916071668,0.9874210328381935,0.9715342018873863,0.9747073469816356,0.9658308788484287,0.9701377070853994,0.9826706623945338,0.9729382320317504,0.9719398074379648,0.9731411627484583,0.9867734496415934,0.9404199074150555,0.9789221027203571,0.9705514164419271,0.9289831450042856,0.9748432907818674,0.9837556136688226,0.9720214925353872,0.981055134132353,0.9651184820173058,0.9758240940221852,0.9740300807285469,0.985588932935715,0.956198324744234,0.9718957787330507,0.9833130478611195,0.9417578309865633,0.9733779715505747,0.9662234573598736,0.9681770842171598,0.9549113958056098,0.967518743708227,0.978139265700178,0.9767987553588545,0.9623084316535291,0.976587656165967,0.9723767347203292,0.9614136008740644,0.9725282661605597,0.9636425491349472,0.9820924088956082,0.964313447647613,0.965907122984479,0.9809821741814643,0.9514777743636761,0.9628341633797828
NotTwin15,0.9510552107754136,0.9489752448056327,0.9677054243928652,0.9653660205140595,0.972011962468123,0.9669203634261605,0.97202501180889,0.9626432945500645,0.9660744824847414,0.9830117144329071,0.9725327340066118,0.9756611281604255,0.9493654579155548,0.9728456209558998,0.9655194076491419,0.9628773838072281,0.9697766626881549,0.9710617334489237,0.9697114867473595,0.977586902725964,0.9749893448529028,0.9721301805656505,0.9677522279339751,0.9809195080269542,0.9778539073010148,0.9665260007743661,0.9650369960722547,0.9669649864548009,0.9772026120036166,0.9795286260677458,0.9816326865026465,0.9638254252082269,0.9668321542310006,0.9692271313952998,0.9284143667909452,0.9625358870411393,0.9807363306004365,0.957731189570243,0.964193119407301,0.9565060204684798,0.9699321383669472,0.9726318679508099,0.9773221504864431,0.9738429304334111,0.978266119110974,0.9947724686108009,0.9571322399934963,0.9745300162612222,0.9682817773241247,0.9689991677182332,0.9517276944255282,0.9667825626816795,0.9555629562781519,0.969357257116632,0.9636300862689057,0.9797269291803365,0.9804318346028855,0.9166786947603128,0.9683170128595033,0.9687740198304398,0.9565749778650168,0.9754195608899302,0.9782726155133403,0.9773210005816408,0.9810061990310863,0.9589008134994242,0.9572390810168165,0.9697276613063268,0.9677631966819396,0.916339371287068,0.9786517440115845,0.9652440983285209,0.9665514431682554,0.9455631802351179,0.9611666618452177,0.9783072254165511,0.967736736814388,0.950201028956725,0.9663851076409792,0.9753494488840857,0.9472423039877704,0.9739886355550788,0.9526961447945224,0.9664493206898017,0.9595578309532669,0.9510075819063573,0.9704991328239174,0.9334006624270748,0.9570453685635896
NotTwin16,0.9706674174895646,0.9644532225202331,0.9832042586858851,0.9825497213241512,0.9863068059461764,0.985906268782033,0.9870262662412771,0.9806355650366496,0.9665951647693254,0.9848478649640637,0.9861377816282915,0.9827949962128644,0.9757569677985152,0.9876464216334007,0.9777080354408371,0.9752896870381235,0.9827745286168349,0.9835277424701616,0.9757113772136081,0.9829512046587519,0.9820953196611115,0.9849900278233028,0.9742628168111498,0.9896659802220107,0.9896596258337345,0.9791607103077875,0.9761072524438839,0.9632347646268122,0.9835942462445951,0.9864511540200447,0.9865219880162528,0.9838291235001533,0.9818574968635703,0.9826109715549088,0.9517250205657048,0.9763204642969772,0.9831311362781471,0.9782037416734286,0.9874697301986843,0.9661936151573709,0.9743294601381594,0.9768899272359705,0.9857169852858529,0.9820607188088848,0.988061916597485,0.9724150925955044,0.9746374501053705,0.9828411379911357,0.9804826528225818,0.9831555887767183,0.9698945317209129,0.9831401551435573,0.9662245375143612,0.984044065251723,0.9537026099968551,0.9922650248949576,0.9889275222209899,0.9458891271439771,0.9852821030255566,0.9800551688117063,0.9821834316187441,0.9907870864673197,0.980980652417797,0.986392494674068,0.9826097298588712,0.9698796820803033,0.980886876864137,0.9848621880276773,0.980312499538202,0.960369706238537,0.9817981561513884,0.9815476443976316,0.9784427986909212,0.9539264284166865,0.9725338348583963,0.9828827109589655,0.9818657498468962,0.9749947393843156,0.9803853900518098,0.9884849801969817,0.9722983970987777,0.9833420146768075,0.9765790022181834,0.9820612447837108,0.9808061619917732,0.9633427074727727,0.9878129954082367,0.9546408558688542,0.9786696750045183
NotTwin17,0.9865450724834905,0.970740967888299,0.9895433807572613,0.9845034145035148,0.986197484989505,0.9930898906956572,0.9825727209389132,0.9896206037092917,0.9798517574697894,0.9770385268132987,0.9887662786074762,0.9835813465627833,0.9850307299586418,0.9895648050116909,0.987470275042569,0.9831430698547086,0.9893827218351322,0.9854015393957419,0.9782419183621724,0.9815223899346914,0.9787579466143265,0.9914058683158451,0.9819945882067863,0.9804810280307117,0.9900682940832862,0.986085991844208,0.9888685527366109,0.9540591870202959,0.9865911579400266,0.9867596952559599,0.9861806150929558,0.9904536076125307,0.9838248181069236,0.9878942382427129,0.9646242792543666,0.9835084652562718,0.9790969772503071,0.9832201474711364,0.9883776329853233,0.9798354014361088,0.9761835378749728,0.9792159991709505,0.9806847400351528,0.9861139894201767,0.9918820028843255,0.9630786547854022,0.9857847119872893,0.9745154981615892,0.9839460785399865,0.9882326413158482,0.9844887095246239,0.990163753494049,0.9788241875868373,0.9883487495523087,0.9288386250515888,0.9819532550437597,0.9785652919781053,0.9557015698641362,0.9949499764467973,0.9897271791585542,0.9903375801767716,0.991334617928717,0.968309838311301,0.9892750845032634,0.9832882560581752,0.9823394544339625,0.985262313407654,0.9917268347776745,0.991063432804852,0.9741506920663979,0.9755511508145445,0.9846474836711747,0.9793172779754635,0.9595154102198027,0.9794596720564667,0.9861460552473738,0.9860700226901254,0.9783576784567327,0.9867639847075704,0.9851118453188068,0.9755393781463818,0.9805284302006237,0.9885147762599124,0.9876566022706639,0.9868288284825238,0.966726834547298,0.9920291837132922,0.9586117206620013,0.9851885169854135
NotTwin18,0.9786473115268355,0.9685675163647075,0.9848569761169117,0.9849625104936627,0.9866421851015936,0.9924332265134771,0.9862353569740852,0.9833550626393968,0.9783297973246429,0.9814257069315455,0.9866678674492065,0.9867668104584533,0.9762964818713744,0.9865089636854767,0.9826723070879108,0.9804344051246603,0.9886835112457033,0.9815587235427227,0.9813642717325505,0.9837744013341703,0.984737362349224,0.9899634808299074,0.983228023393656,0.9881094259118773,0.9913149854761737,0.9879328610786515,0.9826508320990405,0.9635936017769794,0.9864322456110561,0.9895189432804794,0.9896400033099393,0.9859374259706761,0.9851878723150808,0.9866212038775308,0.9589239578169781,0.9779683399066471,0.9844926010157058,0.9789514036858686,0.9865361572071082,0.9779172502984524,0.9740904344580934,0.9837155486660913,0.9855864571673303,0.9871660868002634,0.9906461138017254,0.9724287965429408,0.9827359452217701,0.9819076738197727,0.9793466783662272,0.9891725857493052,0.9796291821650016,0.9856188321028212,0.9755852186705939,0.9890481969396265,0.9464739708888728,0.9875408938944086,0.9854605205919127,0.9488659110494901,0.9892480884198485,0.9872172345160373,0.9854517777309366,0.9971663553111092,0.9741515061286148,0.9883948291322513,0.9862124836304749,0.9797719651695356,0.978193470277374,0.9872209145689429,0.9865496331888799,0.962283833214974,0.9808593482065837,0.9820469576874795,0.980217253288414,0.9612622003922542,0.9770853507606825,0.9868925825295967,0.9867272491440509,0.9770385681311834,0.9861829852255051,0.9863378904833493,0.9755027626879715,0.9836373236511305,0.9801954680239384,0.9881379599939903,0.9813850552112687,0.9705472661443738,0.9900944644227005,0.9601904106607752,0.9793880987438974
NotTwin19,0.9669715712389647,0.9647710232112434,0.979564745102705,0.9797071919778125,0.9799326736286896,0.9825548983437951,0.9789957751826461,0.9807162116157585,0.9598134464249963,0.9754960720330424,0.9825429056096897,0.9677611721594286,0.9769127184671452,0.9881125276313234,0.973185637944446,0.9738547611593229,0.9769747240219511,0.9811133630633124,0.9693823931705637,0.9757590622404304,0.9698744508843302,0.9803536199308065,0.9651808338899431,0.9792544955475213,0.980746740143075,0.9720048640717744,0.9715092295837384,0.9513720753474332,0.9737922092791025,0.9757935846926379,0.9738774495483903,0.9828097739287962,0.9724966965670631,0.9763329328891152,0.9567732594407292,0.9740706825484726,0.9701277768537333,0.977069428046173,0.9910821594786923,0.9608196076708322,0.9704991813779534,0.9670862543463994,0.9770924233405848,0.9753934408034537,0.9819599197272113,0.9550012044407348,0.9738899589607064,0.9721928336869893,0.9797753390874386,0.9739900209130585,0.9651194097346252,0.9805663008674799,0.9629844626577684,0.9759898345212694,0.9319437376294117,0.9759578168373797,0.9766023830413616,0.9508985725305203,0.9792263961020069,0.9743146112577186,0.9797934958598595,0.9819964965992173,0.9750017986191395,0.982162983811554,0.9745570383471461,0.9636293961882407,0.988102506625657,0.9847587272188789,0.9762613216383205,0.9765039241661349,0.9705658277690172,0.9792693890208646,0.9711273045429263,0.9489164702345987,0.9666986194478953,0.9734818081657457,0.9751973691268523,0.9744918810294632,0.9727504096425159,0.9835145017510891,0.9736599279560763,0.9739638391274734,0.980859651508946,0.972943601743091,0.9834731093057362,0.9544562062323318,0.9824167742777885,0.9547914570543811,0.9773461499175019
NotTwin20,0.9656651402350529,0.9558242445819978,0.9623638083775868,0.9757661638234607,0.9735707314521942,0.9767340793663444,0.9742042536063311,0.9806679284359174,0.9650669090984042,0.9707681200724336,0.9755832904422718,0.9559855184136845,0.9788100528231857,0.9801603970838003,0.9812512102978774,0.974619936784841,0.9768610162597793,0.9774501652940577,0.9657743986873804,0.9734146527311979,0.9600687589242409,0.9735877931792645,0.9605707775425247,0.9659612663044782,0.9705824165848786,0.9680620748304019,0.9616582457370952,0.9535039218841088,0.9611557831215622,0.9657798137276141,0.9679157383249304,0.979433925242478,0.962495979892503,0.9781641643697045,0.9561207662479305,0.9825510200336189,0.9592762157531318,0.9833053335644147,0.9856391166499257,0.9528764933063327,0.9659127343371512,0.9557927717136037,0.9698215770156269,0.9681915323668919,0.9724775968541612,0.951065806887212,0.9756497464147437,0.9684618766638553,0.9771044358016963,0.9671438875320941,0.9606177584489348,0.9770259775985273,0.9534886800555669,0.9616468946298892,0.9185117781456189,0.9631541777473325,0.9663022905646375,0.9518495209787576,0.9743108871965235,0.9682474371475771,0.9809343864785265,0.9733402762002494,0.9615102328876107,0.9794758036916684,0.9764768717395023,0.9567453654217513,0.9962333597387696,0.9815438626790113,0.9703484140592165,0.963798811990807,0.9630207621988598,0.9762629392663964,0.967337909890311,0.931936413493536,0.9518919699940593,0.9672397134041991,0.9652436176465097,0.9547575315136096,0.9705163080579444,0.9826650333742823,0.961660518475745,0.9682676283940308,0.978174949553325,0.9654878492645821,0.9845447198806666,0.9443070859816025,0.968454387179495,0.9443601279262672,0.9745170131576646
NotTwin21,0.9871157523074151,0.9762642018247879,0.9835722711783588,0.9761742420791593,0.9803720031921881,0.989757330455707,0.9719314167208137,0.9828913150956424,0.9790343267808148,0.9593152984230447,0.982320466789066,0.9806036492093684,0.9659506430542315,0.9801028115221674,0.9773929885254404,0.98302457544948,0.9868572431934781,0.9720847830264481,0.9777352034701037,0.9718186574236143,0.9783036595373374,0.9894858406117342,0.9861511822332604,0.974735064434042,0.9836451713231722,0.986523514179116,0.9870030645410688,0.9428369925949258,0.9845075537045651,0.9822237607775622,0.9776149266752745,0.9844552384044318,0.9808869741119508,0.9780200405746471,0.9639185759839772,0.967639232527868,0.9726473570843558,0.9670806757911761,0.9767289173114047,0.9872082072341113,0.968489408999092,0.9829333737938155,0.9690513014663342,0.9836865726934836,0.9893466735585865,0.9563760125707848,0.9842294934564542,0.9630642117867473,0.9732568997043284,0.9844682043965414,0.9877406355046563,0.9826714432586228,0.9832572926805461,0.9903648655704589,0.9183880062889023,0.9754352819958574,0.9677385698845211,0.9577954765033054,0.9825686494465156,0.9877634141017386,0.9833020616927218,0.984487562355729,0.9527704758022689,0.9790742916977225,0.9754304041325375,0.9888384560628891,0.9633777159145049,0.9816584127522398,0.9896339635245127,0.9665833256311837,0.9653527625620113,0.9773870633235033,0.9732272171255034,0.9667064785848145,0.9766256099223843,0.9802333715538978,0.9833032490332803,0.9770803764118936,0.983087076337767,0.971214109539724,0.9744413534677765,0.9715694238290291,0.9807210663926429,0.9849916893954478,0.9718275805669292,0.9736054244262449,0.9880007696352006,0.9650444908803382,0.9789948694629795
NotTwin22,0.9568860029099767,0.9622477446240301,0.9792252314628973,0.9825256138228641,0.9887411941330326,0.9789763212890286,0.9861475868625668,0.9736376663273913,0.9699419486756693,0.9884184801133299,0.9861586649910581,0.9812258051013738,0.9622944190285452,0.981102222202793,0.9753409563739468,0.9696521328534708,0.9783384500303864,0.9805979462514278,0.9852804748831083,0.987894145287258,0.9907741788706985,0.9765011221170307,0.9807726779930148,0.988386046661512,0.9861039473358493,0.9780446900165749,0.9669701354788889,0.9775069318101814,0.9820514174201894,0.987714864943751,0.9860214477354752,0.9805532136876458,0.9847357005046418,0.97958671857224,0.9459752314955173,0.9767316425799153,0.9885211115425201,0.971811717093775,0.9773864538316386,0.9647684082608368,0.9852081577828846,0.9786900775692766,0.9894878134600922,0.9876303173759918,0.9814303101154822,0.9787092858360702,0.9684684824869341,0.9821786252353111,0.9825694926559659,0.9830476866060204,0.9585806629240297,0.9807453564995601,0.9523719614621067,0.9737344167648903,0.976204288379381,0.9897016628628401,0.988440476643696,0.9239806656971465,0.9796436417268227,0.9728712948312837,0.970461581821929,0.9834804752467379,0.9882067904314686,0.985933845595678,0.9843693959309112,0.970059697210563,0.9642703947877094,0.981208073718206,0.9711586943581871,0.9294636122476287,0.9977081923771218,0.9790072016438083,0.983059254630053,0.9572973591705083,0.9661586048000071,0.9838040822475513,0.9865262245460351,0.9633827444989653,0.973552579423979,0.9861923521588785,0.9676110925408846,0.9904476601784569,0.9686847689679967,0.9822349786463005,0.9734654019154059,0.9708886052158308,0.9792175378054648,0.9537093163444473,0.9732699041448405
NotTwin23,0.9669854029528397,0.9646781692322348,0.9680340748149648,0.9832919213655775,0.983529385966227,0.9804616390376883,0.981497454642196,0.9807789742079605,0.975966398730761,0.9748390861343348,0.9810207585588171,0.9729388673587421,0.9644718073460725,0.9784118267538521,0.9801408816365409,0.9742753149603439,0.9768720188678799,0.9773557710490428,0.9886890183941954,0.9828902412373758,0.985808162546994,0.9774041216244498,0.9814972932953092,0.9764117164751408,0.9821485768461558,0.9837703560282653,0.9639811634368477,0.9644666088439983,0.9730503174523415,0.9790450848073153,0.9817134445848217,0.9803617446687796,0.9773829625334347,0.9860621642111519,0.9568457985279719,0.9761792665772426,0.9793636783538568,0.9744185766947794,0.9726578219843611,0.9731920265522565,0.9788188895991106,0.9707586661064341,0.9807160304244187,0.984201423873504,0.9769359005931969,0.9639320276513675,0.9808069252003536,0.9741045401536688,0.9791449585315819,0.9839474570627155,0.9646591505199283,0.9798336880326317,0.9569994749072015,0.9686747392877892,0.9496136882527602,0.9765455421070055,0.9729110555067774,0.9382215042399129,0.9760592837270705,0.9740454443083019,0.976216129205406,0.9791170123885338,0.9644521486646617,0.9787647836601743,0.984819877212878,0.9722838285474331,0.9644567255403461,0.97756529130536,0.9711791804491103,0.9373485662748022,0.9776028545800217,0.9844286044723916,0.9940871597680024,0.9554746373778866,0.965760072454439,0.9852080532464036,0.9804462844244334,0.9589546097038304,0.9826597312965208,0.9804444549234272,0.9668617343878054,0.982309759975561,0.9758240809080725,0.9849313762722085,0.9764970844599012,0.9719144932570787,0.9740308266506578,0.9561716440197178,0.9821970384565786
NotTwin24,0.9759592851411011,0.9748488090473335,0.9682732156801521,0.9725370721160023,0.9762614289692388,0.9800676417768935,0.9724083582661247,0.9798006057183777,0.9686091549343805,0.9685467776098786,0.9800211143605146,0.9691049099308787,0.966867561444,0.98110527505754,0.9769451760745926,0.9803561312477,0.9801533683845605,0.9765240455842218,0.977466219462791,0.9737795743485778,0.971352881570206,0.9811375285461412,0.9764541239369802,0.9741006803705681,0.9776520225454819,0.9762618246406861,0.969959454498976,0.9548035567939321,0.9711992566977934,0.9746064200356068,0.9725658679999232,0.9817221463966201,0.968779524118913,0.9734987589455908,0.9643144952374497,0.9733951655161821,0.9672072539286003,0.9737467273275429,0.9751894683293213,0.969100001378052,0.9708172033082128,0.9650876532211116,0.9679171614817563,0.9759011559351363,0.9798935780453351,0.9580592086813662,0.9794878211151827,0.9680121770478729,0.9750841131601813,0.9733571226256403,0.972785812631377,0.9807695117727526,0.973502804358897,0.9728613178127208,0.9293764744561377,0.967090685563315,0.9670844187002373,0.9577305545370043,0.9746574241063817,0.9765966563594273,0.9765668498200377,0.9766260843842931,0.9570061976727684,0.9792536419668649,0.9791228772139944,0.967402075550289,0.9721183113051022,0.9808968810193587,0.9761722175910983,0.9569507759321135,0.9648453468072107,0.9768194551385552,0.9739390909524381,0.9613033412179136,0.9622664455755023,0.9820246044103873,0.9747568455563171,0.9718436616170067,0.9765993214666397,0.9771332113111515,0.9737776224624106,0.9721246058653253,0.9766029436081612,0.9726639641991428,0.9755615919589333,0.959580391821518,0.9761803209593809,0.958753923627797,0.9770513930099678
NotTwin25,0.9704325559399714,0.97085887837199,0.981512635464231,0.9845597227806928,0.9900575758960468,0.9822600398478112,0.9784027966840299,0.9817029498654436,0.9775943931376062,0.9760703072413739,0.9872733410534944,0.9786052946739257,0.9635180422779864,0.9792820271022031,0.9801325632490192,0.9778945268440745,0.9796195731868218,0.9723330532043797,0.9886953362774756,0.9772336127424452,0.9874733939132034,0.9779366610127382,0.9820433997052724,0.9758091755169875,0.9865799186820889,0.9864499150398411,0.9714115166427997,0.954096683433947,0.977650979615137,0.9819117481389247,0.9834623537260132,0.9830006427941789,0.991958735533017,0.9817601784425768,0.9560149564732121,0.9709915335935704,0.9832538876628927,0.9672117439972042,0.9741788312720796,0.9791566169976562,0.9731757151166138,0.975703927454157,0.9801917604092593,0.9909558298202013,0.9803726926956966,0.9611741797610682,0.9791764823260347,0.9668496960838591,0.9780209051014044,0.9837006286683736,0.9698677182898915,0.9843593295607762,0.9648907617154852,0.9753419292715504,0.9490616095445308,0.981628082747265,0.9720428271071077,0.9374794616765263,0.9797772423426736,0.9781160445710217,0.9770640029565989,0.9802298728756891,0.9697213627421484,0.9808065261920307,0.9784424123387454,0.9803597161532676,0.9604053581010854,0.977974951099057,0.9765536059122986,0.9441388459858047,0.9828845842704057,0.9867704831566153,0.9807632453293607,0.9607500727817653,0.9706199516978752,0.9774664308729202,0.9881906498939161,0.9702432083488834,0.98468319644116,0.9781906900075671,0.9772963742540463,0.9815424360281831,0.9739757497177657,0.9837308451584591,0.9719978767947682,0.9706945884792868,0.9824147791464024,0.971151785254643,0.9850311568211559
