,Autocorr_MZ,Autocorr_DZ,Autocorr_NT,Crosscorr MZ,Crosscorr DZ,Crosscorr NT
0,0.8887461367324124,0.945442794448386,0.9805072315545366,0.7207091068357108,0.49470671055594634,0.610330450665028
1,0.9826577890120757,0.9527090746192605,0.9618548379435671,0.7529974413537849,0.4839768535318036,0.3625038883158287
2,0.9518602178109791,0.9708330799077731,0.9652716085872558,0.7418488168219629,0.5655419539372255,0.1829002013690565
3,0.9737560173496628,0.9840347039355094,0.9683656794035187,0.8023403518873734,0.5491353073535155,0.43769739846681677
4,0.9618350667868046,0.9278044634845181,0.9742292851095926,0.7299378385208954,0.6085958151045864,0.5197386646133332
5,0.9744506437683639,0.9704586690320142,0.9577394428402809,0.7834454001401276,0.6725244039268722,0.3691517440816231
6,0.9813978480058525,0.9514675045872862,0.9533215943053297,0.773470160778345,0.6655895189549629,0.4530180110708275
7,0.9356091519820872,0.9724865671961158,0.9636329008138069,0.7860568580735332,0.593828856827703,0.4359712929780956
8,0.976497770399607,0.9702692403469415,0.9590433446783209,0.7369928261046559,0.7200920924805274,0.6788749061275939
9,0.9553067790334153,0.9479835961365305,0.9631327838555257,0.7540093258338804,0.6416836444501741,0.423427813573982
10,0.9740046473060519,0.9582339205773407,0.9718566786628293,0.7419200645350241,0.5201088279848608,0.7363924856508214
11,0.9819544966228396,0.9848590383310282,0.9728884811499278,0.7214689504642898,0.3586893638888961,0.6711851057349588
12,0.9471451302431032,0.9641940717394325,0.9637641577919446,0.7652893656425152,0.6030516214354436,0.6007099421486345
13,0.9601945030482426,0.974777867504849,0.9738482193858452,0.714272575008187,0.5681578589269386,0.4672307160693781
14,0.9752965453059661,0.9791735753240357,0.9627733305288424,0.8548272892282678,0.7103791766961115,0.5395869061256456
15,0.9683431864736269,0.9617541096574492,0.8555294452046048,0.8345390308501243,0.7036115328158008,0.5361277701968322
16,0.9795556782225187,0.9844751323255841,0.9455474266605954,0.7627215904380558,0.6378072564390028,0.6061703604827853
17,0.9737306749289859,0.964195560181447,0.9579969032646183,0.7277501739957889,0.622541289414199,0.2285315550204951
18,0.982056854744174,0.9117341356107724,0.9335756913022747,0.7723636343288411,0.6312293240264897,0.5004041545480503
19,0.9791317880735162,0.9871695453435435,0.9712495469127684,0.7973114279957658,0.6291134761039691,0.35016974810290846
20,0.9757671427296483,0.9631664921770119,0.7898632145034324,0.6743672282604114,0.6530148615154951,0.5525622135031193
21,0.9594695970707324,0.9577486017171724,0.9371141022273612,0.6908150561946841,0.6839689718568024,0.36845794079181465
22,0.8815413987994064,0.9782508468989208,0.9501810675556213,0.7775020923328497,0.5337977585214048,0.5209684260056671
23,0.8778355569868986,0.980080378142826,0.9288330543421686,0.780037264131588,0.6220648230503755,0.6109247418172088
24,0.9787026522077781,0.9796590362328892,0.9657067063097158,0.636990270573868,0.6628623184910306,0.423732784823382
25,0.9755085281794905,0.9595718282533404,,0.6349466142921977,0.6876863004359187,0.6824627520382311
26,0.9296741876025173,,,0.4749724448131268,,0.6472212415318793
27,0.9063172031210804,,,0.683134430817684,,0.5924348552030051
28,0.9811799094473663,,,0.8217680963795253,,0.6346505367473352
29,0.9795628500665113,,,0.8202349603474801,,0.6203528023195745
30,0.9391266462594645,,,0.7543213663217102,,0.5235191121332
31,0.9434875392387846,,,0.7768333328664683,,0.4885940090257861
32,0.9605634950449562,,,0.7242258902988701,,0.2647867150067963
33,0.9305590718712304,,,0.8143347554118755,,0.3315966928314749
34,0.9469007522071304,,,0.760511343199644,,0.6601183477242106
35,0.9644886249240952,,,0.8331560298774788,,0.545417512545296
36,0.971545833909084,,,0.7886153615634753,,0.6793398792105044
37,0.969532675476581,,,0.7391508732995824,,0.6104920260563169
38,,,,,,0.49541651500471273
39,,,,,,0.36038314450750086
40,,,,,,0.6227319826083932
41,,,,,,0.6051737007150468
42,,,,,,0.4386933255272179
43,,,,,,0.6102367573245272
44,,,,,,0.5586877364653398
45,,,,,,0.4042125187045506
46,,,,,,0.6861204972426092
47,,,,,,0.4804191495942662
48,,,,,,0.5554667682554559
49,,,,,,0.6960635339241125
50,,,,,,0.49461238055603335
51,,,,,,0.5564940814265301
52,,,,,,0.5239464265785166
53,,,,,,0.34241298511568075
54,,,,,,0.5425418519313356
55,,,,,,0.6948655612229746
56,,,,,,0.5857841549572567
57,,,,,,0.6583698900074609
58,,,,,,0.5774982848217202
59,,,,,,0.6121788376650684
60,,,,,,0.5765308509767229
61,,,,,,0.5616318103032432
62,,,,,,0.5487073405998627
63,,,,,,0.5124085013269278
64,,,,,,0.481319047326256
65,,,,,,0.7009942341109394
66,,,,,,0.6458280914391237
67,,,,,,0.45673513394044485
68,,,,,,0.6573965777437282
69,,,,,,0.41950758765093765
70,,,,,,0.20990754083212887
71,,,,,,0.16205453155333943
72,,,,,,0.3604723531789031
73,,,,,,0.5653011779298158
74,,,,,,0.460979405527727
75,,,,,,0.51457117777891
76,,,,,,0.638759049281771
77,,,,,,0.49089632219030266
78,,,,,,0.5184051856892888
79,,,,,,0.5507166479004694
80,,,,,,0.5800744852614137
81,,,,,,0.3291597579691194
82,,,,,,0.4359976749822256
83,,,,,,0.4307657913266827
84,,,,,,0.399780452158706
85,,,,,,0.5615523054542271
86,,,,,,0.3353003725264752
87,,,,,,0.28502632649248844
88,,,,,,0.604420263966906
89,,,,,,0.5218455196848698
90,,,,,,0.718605677941184
91,,,,,,0.2899364639482688
92,,,,,,0.5753503101338617
93,,,,,,0.6092001466090303
94,,,,,,0.4490576650492247
95,,,,,,0.5301290160721074
96,,,,,,0.6044125549664413
97,,,,,,0.6080728428624479
98,,,,,,0.6093486521145833
99,,,,,,0.691950923843214
100,,,,,,0.6348179119250202
101,,,,,,0.5415900820708209
102,,,,,,0.6772622839728988
103,,,,,,0.6608249392148556
104,,,,,,0.6510909098668556
105,,,,,,0.4001750324517561
106,,,,,,0.6274726348184922
107,,,,,,0.530652502267876
108,,,,,,0.6000774027121725
109,,,,,,0.4747510280573598
110,,,,,,0.6401790543637385
111,,,,,,0.6769910610164217
112,,,,,,0.5220072202520332
113,,,,,,0.5636007358730053
114,,,,,,0.667405937451009
115,,,,,,0.5731720233722979
116,,,,,,0.6482842481653972
117,,,,,,0.5883547093019629
118,,,,,,0.5625347678867768
119,,,,,,0.588183063258672
120,,,,,,0.3827063763302264
121,,,,,,0.4357421089691817
122,,,,,,0.6550397204249184
123,,,,,,0.6415074830224281
124,,,,,,0.6600111802663925
125,,,,,,0.663843517979651
126,,,,,,0.6144921615818982
127,,,,,,0.4799769921847453
128,,,,,,0.715674009997602
129,,,,,,0.6982181362690911
130,,,,,,0.5773926088287328
131,,,,,,0.625918904157433
132,,,,,,0.6077833057294535
133,,,,,,0.566013584222521
134,,,,,,0.7326007551726449
135,,,,,,0.5393974944573584
136,,,,,,0.5957549568197313
137,,,,,,0.6236305593504166
138,,,,,,0.6475346425323862
139,,,,,,0.637510139745886
140,,,,,,0.5856749376553958
141,,,,,,0.45741436830824006
142,,,,,,0.5452276133821936
143,,,,,,0.6792522775845068
144,,,,,,0.5945957747844149
145,,,,,,0.6613393722871542
146,,,,,,0.6251963162292403
147,,,,,,0.5733755354707097
148,,,,,,0.6299487349920639
149,,,,,,0.5816941100571087
150,,,,,,0.6330116722786818
151,,,,,,0.589413621247952
152,,,,,,0.6005414451308126
153,,,,,,0.7254422841042982
154,,,,,,0.6780764256587497
155,,,,,,0.62046506419173
156,,,,,,0.6085613496461206
157,,,,,,0.5937224089027454
158,,,,,,0.32965669875935993
159,,,,,,0.3004839332033069
160,,,,,,0.5578940974988774
161,,,,,,0.5794518307041598
162,,,,,,0.5449192254309101
163,,,,,,0.6102988583811904
164,,,,,,0.684760258923717
165,,,,,,0.6376417352080281
166,,,,,,0.6216708981982555
167,,,,,,0.5938316123280949
168,,,,,,0.6312160203478315
169,,,,,,0.436946927343456
170,,,,,,0.49514221225220195
171,,,,,,0.48705281245006415
172,,,,,,0.5266279339700827
173,,,,,,0.6320696947599531
174,,,,,,0.4883631398672498
175,,,,,,0.4149371947070047
176,,,,,,0.7807996548068797
177,,,,,,0.5585183468888811
178,,,,,,0.7063096454245147
179,,,,,,0.20615815383835243
180,,,,,,0.4002698140813084
181,,,,,,0.6277080534106495
182,,,,,,0.43298248633689435
183,,,,,,0.5070989187634611
184,,,,,,0.5872615067990731
185,,,,,,0.5999911558417274
186,,,,,,0.5230385027942729
187,,,,,,0.6652377704024364
188,,,,,,0.5678119973417589
189,,,,,,0.5714432655743686
190,,,,,,0.6271718799920106
191,,,,,,0.6315189505029363
192,,,,,,0.6517072563019509
193,,,,,,0.24120417345662573
194,,,,,,0.5453005123092366
195,,,,,,0.4320818437815004
196,,,,,,0.6994099838364695
197,,,,,,0.5053669055723042
198,,,,,,0.6745876077741972
199,,,,,,0.5942961084608778
200,,,,,,0.5194610272973642
201,,,,,,0.6894208681482231
202,,,,,,0.6722890592505515
203,,,,,,0.723778295860965
204,,,,,,0.7709085993506885
205,,,,,,0.6126965913566241
206,,,,,,0.5228510537892893
207,,,,,,0.5086677072128999
208,,,,,,0.3298185915045934
209,,,,,,0.34425126428219666
210,,,,,,0.713736890553757
211,,,,,,0.5616401916580896
212,,,,,,0.6469693312433065
213,,,,,,0.5402342966193174
214,,,,,,0.6249542590242662
215,,,,,,0.3958329793637111
216,,,,,,0.750677339104112
217,,,,,,0.5838637536676629
218,,,,,,0.5278232371711604
219,,,,,,0.7163486285403505
220,,,,,,0.7062259392345663
221,,,,,,0.4741402937817547
222,,,,,,0.7658058017570185
223,,,,,,0.4336824965788431
224,,,,,,0.6808793452435067
225,,,,,,0.7509274532820954
226,,,,,,0.5266584991537904
227,,,,,,0.7218434419348027
228,,,,,,0.7534427129105912
229,,,,,,0.23330156088038229
230,,,,,,0.6275213705201552
231,,,,,,0.773361345187351
232,,,,,,0.7496737353725438
233,,,,,,0.6998491589908429
234,,,,,,0.7390156847511641
235,,,,,,0.6854224562150861
236,,,,,,0.6823786446292497
237,,,,,,0.47626260470824605
238,,,,,,0.6932674272239152
239,,,,,,0.5698322578504145
240,,,,,,0.6125887025842504
241,,,,,,0.6649083535174676
242,,,,,,0.7168198770902575
243,,,,,,0.6884750027161167
244,,,,,,0.6485994153075929
245,,,,,,0.4792225355857117
246,,,,,,0.20813781646731583
247,,,,,,0.1932098526575765
248,,,,,,0.477658208152407
249,,,,,,0.6413643246808336
250,,,,,,0.5408991223303434
251,,,,,,0.5288105259443285
252,,,,,,0.586533045162619
253,,,,,,0.5726133239895687
254,,,,,,0.5141907985849364
255,,,,,,0.4446597529909347
256,,,,,,0.6070781154765785
257,,,,,,0.328274756843823
258,,,,,,0.5354535412171008
259,,,,,,0.38267958382649914
260,,,,,,0.47658492092916943
261,,,,,,0.642539999878885
262,,,,,,0.32640692348176764
263,,,,,,0.18336269393816593
264,,,,,,0.7065541422218438
265,,,,,,0.650052620525666
266,,,,,,0.6124228799043666
267,,,,,,0.21796212232551881
268,,,,,,0.5650611861512183
269,,,,,,0.6796174786944935
270,,,,,,0.5377180706972734
271,,,,,,0.5992649170826333
272,,,,,,0.6827503097779841
273,,,,,,0.6243072158815495
274,,,,,,0.6166560092806747
275,,,,,,0.6480680012033736
276,,,,,,0.6828633459782346
277,,,,,,0.5632742792155235
278,,,,,,0.5722295111702047
279,,,,,,0.6392808031353113
280,,,,,,0.6553632170007481
281,,,,,,0.4174586834041354
282,,,,,,0.5429768886602736
283,,,,,,0.5365273049141035
284,,,,,,0.6673229647711838
285,,,,,,0.6107043962227444
286,,,,,,0.6797475883907212
287,,,,,,0.6939407058249297
288,,,,,,0.6443224998922124
289,,,,,,0.5520140781466529
290,,,,,,0.7411666699859618
291,,,,,,0.6466623780294817
292,,,,,,0.6982450443303374
293,,,,,,0.6077462868618968
294,,,,,,0.6383035903427653
295,,,,,,0.6164889829100996
296,,,,,,0.3888685771830024
297,,,,,,0.3801335869984113
298,,,,,,0.674223994617842
299,,,,,,0.6593174906485368
300,,,,,,0.6021728131423194
301,,,,,,0.5793863226494669
302,,,,,,0.6567897887130831
303,,,,,,0.4469097696761986
304,,,,,,0.739358886108878
305,,,,,,0.6609782105684029
306,,,,,,0.6883537447488736
307,,,,,,0.6856835144656062
308,,,,,,0.6144097840312001
309,,,,,,0.6561139750134191
310,,,,,,0.7017800773844473
311,,,,,,0.46606141523068406
312,,,,,,0.6188231704240802
313,,,,,,0.6342561616247431
314,,,,,,0.7032241046096278
315,,,,,,0.6854358657593209
316,,,,,,0.7209807186787767
317,,,,,,0.36250581019898265
318,,,,,,0.6194555072980965
319,,,,,,0.7223276136279227
320,,,,,,0.7085631614159583
321,,,,,,0.7160076510200656
322,,,,,,0.7752051090648291
323,,,,,,0.6596656888221959
324,,,,,,0.7290344374313031
325,,,,,,0.5207484926310602
326,,,,,,0.7215457179488679
327,,,,,,0.5559545575531845
328,,,,,,0.7128023576040498
329,,,,,,0.6146156823052966
330,,,,,,0.6914876018675201
331,,,,,,0.7355196101733794
332,,,,,,0.5838726559883469
333,,,,,,0.585985609639146
334,,,,,,0.260959846903121
335,,,,,,0.2592996430859018
336,,,,,,0.662133005322658
337,,,,,,0.59777136664891
338,,,,,,0.62439086112103
339,,,,,,0.6986223990255621
340,,,,,,0.6448047918536194
341,,,,,,0.6511387492044427
342,,,,,,0.5358257045115992
343,,,,,,0.5145556335753922
344,,,,,,0.5981231968937292
345,,,,,,0.3175184632082995
346,,,,,,0.5285080471923964
347,,,,,,0.3942430796230805
348,,,,,,0.5632685643378036
349,,,,,,0.6998052729577905
350,,,,,,0.45223204643908005
351,,,,,,0.3391125603987683
352,,,,,,0.6143703192911139
353,,,,,,0.5287916954679869
354,,,,,,0.6091410159246203
355,,,,,,0.15248412911510437
356,,,,,,0.3675372801596234
357,,,,,,0.554061767745274
358,,,,,,0.3587675088482573
359,,,,,,0.4112870663714875
360,,,,,,0.5636185556711998
361,,,,,,0.6259248335972701
362,,,,,,0.5117059492292878
363,,,,,,0.6155156338073153
364,,,,,,0.5473105187318098
365,,,,,,0.49244425638149436
366,,,,,,0.43440440966771704
367,,,,,,0.5970783074322016
368,,,,,,0.6264146082560437
369,,,,,,0.22502701133382316
370,,,,,,0.6170363284762753
371,,,,,,0.39882340309812586
372,,,,,,0.7615896289207229
373,,,,,,0.43993831276856643
374,,,,,,0.6158546910911412
375,,,,,,0.5931011086121191
376,,,,,,0.5000361063013852
377,,,,,,0.5782200471732472
378,,,,,,0.593419014421847
379,,,,,,0.6378143749588666
380,,,,,,0.6675693291476699
381,,,,,,0.5404521729322125
382,,,,,,0.4779145935556377
383,,,,,,0.4768739476049777
384,,,,,,0.3244481847679063
385,,,,,,0.21980318700267326
386,,,,,,0.6159717864096076
387,,,,,,0.5165405303061849
388,,,,,,0.5518537280171462
389,,,,,,0.5358059927133043
390,,,,,,0.5768314110653225
391,,,,,,0.4683518723220224
392,,,,,,0.7411479040105562
393,,,,,,0.5469757659381473
394,,,,,,0.4803648394205737
395,,,,,,0.7205373779507587
396,,,,,,0.7672178589265487
397,,,,,,0.46741847073315984
398,,,,,,0.7104337807958296
399,,,,,,0.4013018678983168
400,,,,,,0.5739408156392034
401,,,,,,0.6373612953062723
402,,,,,,0.5296969070674256
403,,,,,,0.8007290225700386
404,,,,,,0.647331393096772
405,,,,,,0.14368464016220434
406,,,,,,0.4990403220931406
407,,,,,,0.6559563925692722
408,,,,,,0.6854245862648448
409,,,,,,0.6605482435994807
410,,,,,,0.6820362117581906
411,,,,,,0.5097790268499806
412,,,,,,0.6039996225643642
413,,,,,,0.41087126430569015
414,,,,,,0.6390776679507753
415,,,,,,0.5925728179534255
416,,,,,,0.6583141162108017
417,,,,,,0.6011716372638912
418,,,,,,0.6027584633139302
419,,,,,,0.6978486120966341
420,,,,,,0.4958926242423558
421,,,,,,0.40421742892941886
422,,,,,,0.1718427752352527
423,,,,,,0.14055523355261873
424,,,,,,0.5014151329385936
425,,,,,,0.5863139569358563
426,,,,,,0.5451373087795476
427,,,,,,0.42349208964317697
428,,,,,,0.542189008569883
429,,,,,,0.48403140953381296
430,,,,,,0.4290475652820632
431,,,,,,0.37150393115408864
432,,,,,,0.6091141102961832
433,,,,,,0.24713929605332574
434,,,,,,0.5402570249218083
435,,,,,,0.280095345432549
436,,,,,,0.41779193435779866
437,,,,,,0.5982584343138758
438,,,,,,0.339797610719101
439,,,,,,0.20466490961726197
440,,,,,,0.7203864775573529
441,,,,,,0.5760336109280509
442,,,,,,0.6803586383014996
443,,,,,,0.34683365368828106
444,,,,,,0.487438973004807
445,,,,,,0.648928950928602
446,,,,,,0.5314222902496767
447,,,,,,0.5102509135227236
448,,,,,,0.622721033117642
449,,,,,,0.6642924896481592
450,,,,,,0.5159965791074431
451,,,,,,0.70764326050932
452,,,,,,0.7600132141512185
453,,,,,,0.700241240990447
454,,,,,,0.5436153380547061
455,,,,,,0.6654419468295448
456,,,,,,0.6635925100314282
457,,,,,,0.3892708565438471
458,,,,,,0.6476512141528491
459,,,,,,0.5568792276375983
460,,,,,,0.7206641262274891
461,,,,,,0.5448961783901555
462,,,,,,0.6547105968702285
463,,,,,,0.6784111153850505
464,,,,,,0.6667786733602263
465,,,,,,0.6002307872633328
466,,,,,,0.6712167145691821
467,,,,,,0.7261971687702664
468,,,,,,0.6699389899650485
469,,,,,,0.5912980464595974
470,,,,,,0.5769056971457014
471,,,,,,0.5782467681128511
472,,,,,,0.48740901660211305
473,,,,,,0.4033765500928984
474,,,,,,0.7339725728836706
475,,,,,,0.6153842988248247
476,,,,,,0.7126921438180973
477,,,,,,0.7053009212747071
478,,,,,,0.6401365745310209
479,,,,,,0.5577053682102027
480,,,,,,0.780685765075819
481,,,,,,0.716198587523298
482,,,,,,0.6335422618355243
483,,,,,,0.7596917465416025
484,,,,,,0.6846792189189951
485,,,,,,0.4979720019700932
486,,,,,,0.734647610013011
487,,,,,,0.6122130787048717
488,,,,,,0.660295413726369
489,,,,,,0.6824701680134655
490,,,,,,0.5961209012217661
491,,,,,,0.6924922815062642
492,,,,,,0.6073231445027255
493,,,,,,0.3701739413954131
494,,,,,,0.6569063001675796
495,,,,,,0.7185669934644692
496,,,,,,0.7067720555793582
497,,,,,,0.7159985819331496
498,,,,,,0.6230241397733525
499,,,,,,0.6354209545882727
500,,,,,,0.6266100143876461
501,,,,,,0.5517980955500134
502,,,,,,0.6559756304908069
503,,,,,,0.6085804703638024
504,,,,,,0.6637028879941042
505,,,,,,0.7339404998968508
506,,,,,,0.7695623215925682
507,,,,,,0.6386592579988836
508,,,,,,0.6609047349106093
509,,,,,,0.5238014118188804
510,,,,,,0.3641885896550784
511,,,,,,0.3611707921077702
512,,,,,,0.5201447922103942
513,,,,,,0.6617837346323475
514,,,,,,0.6137365670051156
515,,,,,,0.5333791843194486
516,,,,,,0.691329158917836
517,,,,,,0.604076393797441
518,,,,,,0.5913280067651585
519,,,,,,0.5344471805366462
520,,,,,,0.6826900286257361
521,,,,,,0.4266207445151446
522,,,,,,0.6081241019631508
523,,,,,,0.4560383553042172
524,,,,,,0.5697742630388392
525,,,,,,0.615532367541232
526,,,,,,0.508992627643456
527,,,,,,0.40406337988472363
528,,,,,,0.6597364465114326
529,,,,,,0.659497881071202
530,,,,,,0.6313345888548691
531,,,,,,0.3897653257290758
532,,,,,,0.5197775818174567
533,,,,,,0.7006313223921156
534,,,,,,0.5283982679757403
535,,,,,,0.6138350272015455
536,,,,,,0.7075645155647795
537,,,,,,0.6506303371336618
538,,,,,,0.6122084773693214
539,,,,,,0.6576040177939235
540,,,,,,0.7335107917937533
541,,,,,,0.6328177954111629
542,,,,,,0.5722417850404705
543,,,,,,0.6815732449729626
544,,,,,,0.6621266531244386
545,,,,,,0.6849351224079753
546,,,,,,0.43102606445568653
547,,,,,,0.613010347238526
548,,,,,,0.5474475875498661
549,,,,,,0.7216522959384712
550,,,,,,0.5623009072102066
551,,,,,,0.6444671048911336
552,,,,,,0.5982340790244681
553,,,,,,0.5411211099715008
554,,,,,,0.7058220894567108
555,,,,,,0.6933083165776087
556,,,,,,0.6986058062788755
557,,,,,,0.5741642200514447
558,,,,,,0.5971497585169665
559,,,,,,0.6159485531388716
560,,,,,,0.5105733520613248
561,,,,,,0.42410953205102087
562,,,,,,0.6830201139232638
563,,,,,,0.5965827000790105
564,,,,,,0.6578385571170139
565,,,,,,0.6725117324182229
566,,,,,,0.6872435285526625
567,,,,,,0.5556732148133573
568,,,,,,0.722871014772984
569,,,,,,0.6533803449818346
570,,,,,,0.5999012583113819
571,,,,,,0.7836853146969083
572,,,,,,0.7281053826469295
573,,,,,,0.597924468508841
574,,,,,,0.7546461826363801
575,,,,,,0.542480698114896
576,,,,,,0.6763386901424839
577,,,,,,0.6313284861820933
578,,,,,,0.562520230753392
579,,,,,,0.7411170888604602
580,,,,,,0.6859763638129527
581,,,,,,0.3859474677971176
582,,,,,,0.6879383693627978
583,,,,,,0.7458861530643119
584,,,,,,0.7445253374620439
585,,,,,,0.7048740629391328
586,,,,,,0.6596603430594393
587,,,,,,0.631070629568882
588,,,,,,0.6648208086935445
589,,,,,,0.4737672636569179
590,,,,,,0.6694880751564619
591,,,,,,0.6034098932913652
592,,,,,,0.6908710309328437
593,,,,,,0.6948294068822527
594,,,,,,0.7078121392680201
595,,,,,,0.7166816485350966
596,,,,,,0.564250949478626
597,,,,,,0.5860431488556702
598,,,,,,0.40327367893225674
599,,,,,,0.38387037964721304
600,,,,,,0.6107407732148359
601,,,,,,0.661358736114658
602,,,,,,0.6198233582581916
603,,,,,,0.5738790322300947
604,,,,,,0.6920132678531208
605,,,,,,0.604113705907913
606,,,,,,0.6023149163508181
607,,,,,,0.49601396456669855
608,,,,,,0.6699567926265063
609,,,,,,0.36569716279766357
610,,,,,,0.5993093817640449
611,,,,,,0.4052524819021082
612,,,,,,0.6114105531227456
613,,,,,,0.6500303470784764
614,,,,,,0.4802433567401431
615,,,,,,0.3624113410884277
616,,,,,,0.7157821651325619
617,,,,,,0.5407538076102834
618,,,,,,0.5801533939178074
619,,,,,,0.31065985291662157
620,,,,,,0.46948321310946106
621,,,,,,0.6150717837791791
622,,,,,,0.4877302960580507
623,,,,,,0.4473076536781142
624,,,,,,0.607033286748281
625,,,,,,0.5364870655473188
626,,,,,,0.5897717222119099
627,,,,,,0.6022119094777716
628,,,,,,0.6356289355535493
629,,,,,,0.5320691936616727
630,,,,,,0.536917655174726
631,,,,,,0.5529001589880402
632,,,,,,0.5549428017666678
633,,,,,,0.6661425330082558
634,,,,,,0.35562708201321774
635,,,,,,0.5551519404770978
636,,,,,,0.482301772389522
637,,,,,,0.7164255759207557
638,,,,,,0.5567496515314093
639,,,,,,0.6403482069892326
640,,,,,,0.6078869039564908
641,,,,,,0.5383637650532704
642,,,,,,0.6347742301706965
643,,,,,,0.6049148376160683
644,,,,,,0.6655661281899452
645,,,,,,0.567290321021821
646,,,,,,0.45271140246276564
647,,,,,,0.5367927323541902
648,,,,,,0.4976904986054345
649,,,,,,0.5224483912351288
650,,,,,,0.38365121137556024
651,,,,,,0.6285314637214662
652,,,,,,0.4252815801175323
653,,,,,,0.5769962077582051
654,,,,,,0.5277470718790395
655,,,,,,0.562920618289789
656,,,,,,0.5535410584649525
657,,,,,,0.6501736138104378
658,,,,,,0.5889765620253242
659,,,,,,0.5643295911199973
660,,,,,,0.6616817448337909
661,,,,,,0.5994582749263883
662,,,,,,0.543173275443789
663,,,,,,0.604921124721342
664,,,,,,0.45603133848398913
665,,,,,,0.62930768749354
666,,,,,,0.6185034614934383
667,,,,,,0.5695051339465784
668,,,,,,0.5679575947094858
669,,,,,,0.5685368961060168
670,,,,,,0.3224739544032781
671,,,,,,0.5551256158510185
672,,,,,,0.570281303347815
673,,,,,,0.5813078874582637
674,,,,,,0.5805057890751932
675,,,,,,0.5365776724916845
676,,,,,,0.6334978356372162
677,,,,,,0.5792686744860897
678,,,,,,0.46450522437906927
679,,,,,,0.5456912667819832
680,,,,,,0.51326736844228
681,,,,,,0.5965446048972194
682,,,,,,0.6572565845368576
683,,,,,,0.5937907097403035
684,,,,,,0.5794265783332375
685,,,,,,0.5316602540679036
686,,,,,,0.5344168999104397
687,,,,,,0.34469350987122294
688,,,,,,0.41763013901817697
689,,,,,,0.4944042427371456
690,,,,,,0.5628457669807523
691,,,,,,0.5173944810847897
692,,,,,,0.6348136349730461
693,,,,,,0.5730082778423505
694,,,,,,0.5549755863369871
695,,,,,,0.40337432149815367
696,,,,,,0.626782009350945
697,,,,,,0.3670994557736661
698,,,,,,0.5836735162599355
699,,,,,,0.3279512723398276
700,,,,,,0.5524344419405894
701,,,,,,0.6331151764879623
702,,,,,,0.4362925283332895
703,,,,,,0.3279412798407937
704,,,,,,0.7063344943687305
705,,,,,,0.6735753757620829
706,,,,,,0.6816980526561099
707,,,,,,0.2895301195998546
708,,,,,,0.5370738779609291
709,,,,,,0.7410679047849499
710,,,,,,0.5753249876683395
711,,,,,,0.5155656141342929
712,,,,,,0.7097969885568503
713,,,,,,0.6874397769333854
714,,,,,,0.6254838334329552
715,,,,,,0.6792128103625867
716,,,,,,0.7482151933252408
717,,,,,,0.6650136004048064
718,,,,,,0.643022881898045
719,,,,,,0.7371893563221429
720,,,,,,0.646011859681934
721,,,,,,0.7215456852894755
722,,,,,,0.4736072824141044
723,,,,,,0.6758615115080938
724,,,,,,0.5441695692710433
725,,,,,,0.6982160882480177
726,,,,,,0.6458870985650608
727,,,,,,0.7086577497968867
728,,,,,,0.750585165309051
729,,,,,,0.7137447466422395
730,,,,,,0.6046193299973113
731,,,,,,0.701984477812358
732,,,,,,0.7681522359122586
733,,,,,,0.7578638223364549
734,,,,,,0.6809160523755663
735,,,,,,0.6774265276061839
736,,,,,,0.44998072898439134
737,,,,,,0.48885293650885747
738,,,,,,0.7376993045570399
739,,,,,,0.7000451222348524
740,,,,,,0.7162241058489287
741,,,,,,0.7135845452509777
742,,,,,,0.7344972956288474
743,,,,,,0.5282012461420449
744,,,,,,0.7181433691799882
745,,,,,,0.7704604673884865
746,,,,,,0.703210326444013
747,,,,,,0.7819464533237691
748,,,,,,0.634685913749187
749,,,,,,0.6441416378609957
750,,,,,,0.7700528545313112
751,,,,,,0.6137184305487294
752,,,,,,0.7133729709316338
753,,,,,,0.6976264191577877
754,,,,,,0.6874438100823664
755,,,,,,0.6989471970971975
756,,,,,,0.671464388827742
757,,,,,,0.46621174941987714
758,,,,,,0.6274976191290237
759,,,,,,0.74973761178163
760,,,,,,0.7040497943260208
761,,,,,,0.6875995639548445
762,,,,,,0.7577995834260993
763,,,,,,0.6969055448890643
764,,,,,,0.7282778272472056
765,,,,,,0.5992096308586604
766,,,,,,0.6531647678663516
767,,,,,,0.6642925182916198
768,,,,,,0.7129827833290631
769,,,,,,0.6881489760429527
770,,,,,,0.7972380704968983
771,,,,,,0.7267366437298829
772,,,,,,0.6877650565995921
773,,,,,,0.6213853949727892
774,,,,,,0.35152976282532833
775,,,,,,0.3178992433110047
776,,,,,,0.6859172605164567
777,,,,,,0.6458817909668417
778,,,,,,0.6939663812012199
779,,,,,,0.6492295892105787
780,,,,,,0.7630117123817997
781,,,,,,0.6796226086441809
782,,,,,,0.6812366362807859
783,,,,,,0.5918830987869989
784,,,,,,0.6610236758992993
785,,,,,,0.4022003120315697
786,,,,,,0.6172266336331682
787,,,,,,0.47507580881315076
788,,,,,,0.5578411152345495
789,,,,,,0.7451536985665977
790,,,,,,0.4923660838478069
791,,,,,,0.40744721634460657
792,,,,,,0.7681323722221376
793,,,,,,0.6057020240898086
794,,,,,,0.6159857790366189
795,,,,,,0.22753783190665208
796,,,,,,0.40944940424444604
797,,,,,,0.625887146386421
798,,,,,,0.3926750305834376
799,,,,,,0.43185758668523694
800,,,,,,0.5910576361505248
801,,,,,,0.5772646716371639
802,,,,,,0.5366571805596733
803,,,,,,0.728395072150793
804,,,,,,0.6642266834163417
805,,,,,,0.49150297741441745
806,,,,,,0.5159054254360624
807,,,,,,0.6435079461901204
808,,,,,,0.6656831100409946
809,,,,,,0.6791860714987593
810,,,,,,0.2801563999363672
811,,,,,,0.6418769521198595
812,,,,,,0.42187061870766446
813,,,,,,0.7668396450610238
814,,,,,,0.5488948428818384
815,,,,,,0.6926894028676476
816,,,,,,0.6365480489953353
817,,,,,,0.6423589678455918
818,,,,,,0.6283819955120373
819,,,,,,0.709867973214804
820,,,,,,0.7428857254648177
821,,,,,,0.6191384640860502
822,,,,,,0.5761946037094963
823,,,,,,0.49166460668663214
824,,,,,,0.4210956268823335
825,,,,,,0.36125593849580806
826,,,,,,0.6730364659293737
827,,,,,,0.5351423880086469
828,,,,,,0.6540432069669885
829,,,,,,0.5817979658902189
830,,,,,,0.6927002409463007
831,,,,,,0.4561910526856416
832,,,,,,0.7242927659040206
833,,,,,,0.5986378194075409
834,,,,,,0.5812514708963152
835,,,,,,0.7814857111838627
836,,,,,,0.6796881511402645
837,,,,,,0.46888045947508705
838,,,,,,0.6949731023322621
839,,,,,,0.4838214535641945
840,,,,,,0.7056631827090177
841,,,,,,0.7525665411762151
842,,,,,,0.5276302804260763
843,,,,,,0.754759368070938
844,,,,,,0.7404037766838695
845,,,,,,0.23492540795753147
846,,,,,,0.5961633796461594
847,,,,,,0.7346996338094244
848,,,,,,0.7539590030204809
849,,,,,,0.6364188800004404
850,,,,,,0.7288789578567237
851,,,,,,0.6834024288446428
852,,,,,,0.630752157636033
853,,,,,,0.49977029400253514
854,,,,,,0.5850010612884151
855,,,,,,0.644383246154361
856,,,,,,0.7122891240612966
857,,,,,,0.6702891091799749
858,,,,,,0.7096992969716928
859,,,,,,0.7442159455832621
860,,,,,,0.5835954643195856
861,,,,,,0.4867690183241773
862,,,,,,0.17298522313211498
863,,,,,,0.21334390724010877
864,,,,,,0.543883699251695
865,,,,,,0.6653468430989142
866,,,,,,0.560484034499643
867,,,,,,0.4952180794265985
868,,,,,,0.595991981115334
869,,,,,,0.5544204092505897
870,,,,,,0.5008646181874062
871,,,,,,0.37248289058357437
872,,,,,,0.6725547262457977
873,,,,,,0.29459771697863346
874,,,,,,0.6164282553532019
875,,,,,,0.3328016416572397
876,,,,,,0.4481127486141236
877,,,,,,0.665343516383552
878,,,,,,0.30713339430163755
879,,,,,,0.19735331523037852
880,,,,,,0.7718692338998288
881,,,,,,0.6604261411992828
882,,,,,,0.6781465067600179
883,,,,,,0.30170294386642016
884,,,,,,0.5169783431575408
885,,,,,,0.6982176274348081
886,,,,,,0.5022133554558985
887,,,,,,0.4844294587064218
888,,,,,,0.6718831618420646
889,,,,,,0.6494499582782254
890,,,,,,0.6164437982469683
891,,,,,,0.7540143796014681
892,,,,,,0.7026736346196208
893,,,,,,0.5804296288692645
894,,,,,,0.609470762023044
895,,,,,,0.7105386086983887
896,,,,,,0.6778508828830704
897,,,,,,0.6811392736002572
898,,,,,,0.3303760912576643
899,,,,,,0.6172975568891519
900,,,,,,0.4779717140744718
901,,,,,,0.7051288128016594
902,,,,,,0.5617155030160156
903,,,,,,0.7172623954275215
904,,,,,,0.67649241470676
905,,,,,,0.6355862372484355
906,,,,,,0.6302863369903671
907,,,,,,0.7611832145110872
908,,,,,,0.7322621017604638
909,,,,,,0.691196371010921
910,,,,,,0.5991785422961435
911,,,,,,0.6148995213601953
912,,,,,,0.3689477705587154
913,,,,,,0.39043500474955667
914,,,,,,0.7545563265497334
915,,,,,,0.6730292624296215
916,,,,,,0.6807679923674193
917,,,,,,0.6254239300530596
918,,,,,,0.6720491417751622
919,,,,,,0.43607010984980904
920,,,,,,0.8071957043286506
921,,,,,,0.7222436571923336
922,,,,,,0.5855157230867727
923,,,,,,0.7505100515983906
924,,,,,,0.6490346702872051
925,,,,,,0.5691070966163635
926,,,,,,0.7910166615793737
927,,,,,,0.4983455384758002
928,,,,,,0.7045806428045926
929,,,,,,0.7453041467548867
930,,,,,,0.6091999537248893
931,,,,,,0.7367074608963571
932,,,,,,0.7319225256673603
933,,,,,,0.3287432671785369
934,,,,,,0.6633764709467762
935,,,,,,0.7864367451196443
936,,,,,,0.7654094110537693
937,,,,,,0.7556886108249448
938,,,,,,0.7606850319009312
939,,,,,,0.7150482579042701
940,,,,,,0.7172212071045082
941,,,,,,0.5813781211181229
942,,,,,,0.6959381457267982
943,,,,,,0.6232132563083429
944,,,,,,0.6778302503941723
945,,,,,,0.6850405990336911
946,,,,,,0.7467693096958571
947,,,,,,0.688119905676494
948,,,,,,0.7000174677724307
949,,,,,,0.5572231569693016
950,,,,,,0.27671379338798974
951,,,,,,0.26073987334749543
952,,,,,,0.5796451261863557
953,,,,,,0.6545763848709842
954,,,,,,0.628331883811121
955,,,,,,0.6245287438448135
956,,,,,,0.6739300190629559
957,,,,,,0.6342428552175041
958,,,,,,0.5439865540928794
959,,,,,,0.5051226081979149
960,,,,,,0.6868063334824754
961,,,,,,0.378876609363061
962,,,,,,0.5773642905907229
963,,,,,,0.4576267476943313
964,,,,,,0.5441744236193247
965,,,,,,0.7087396887035238
966,,,,,,0.43849032411198197
967,,,,,,0.29680707090699
968,,,,,,0.5107224634094456
969,,,,,,0.6499518877499293
970,,,,,,0.5238695551757399
971,,,,,,0.4628573069658658
972,,,,,,0.7024597327563138
973,,,,,,0.6787492738667477
974,,,,,,0.7703751292525028
975,,,,,,0.5414733015375225
976,,,,,,0.7592385103542783
977,,,,,,0.5826181205421135
978,,,,,,0.7980908053804123
979,,,,,,0.43316538141605304
980,,,,,,0.6378800568386557
981,,,,,,0.7264236751038312
982,,,,,,0.589169339777194
983,,,,,,0.6008865306299604
984,,,,,,0.4876610484751563
985,,,,,,0.6336388575480205
986,,,,,,0.6164439161085153
987,,,,,,0.5575918293784985
988,,,,,,0.5965040050191805
989,,,,,,0.4819911778700112
990,,,,,,0.6654628810514475
991,,,,,,0.5859837791817001
992,,,,,,0.74794564357588
993,,,,,,0.6107573410720745
994,,,,,,0.322881376670218
995,,,,,,0.6902113716803473
996,,,,,,0.4298962342210442
997,,,,,,0.5448253340709993
998,,,,,,0.5787358088861685
999,,,,,,0.7234342177139892
1000,,,,,,0.47916891396117894
1001,,,,,,0.4633252195602257
1002,,,,,,0.6676517131563274
1003,,,,,,0.7014984635002619
1004,,,,,,0.4606107711486354
1005,,,,,,0.5491381169115728
1006,,,,,,0.6449182301246312
1007,,,,,,0.5957113374744296
1008,,,,,,0.5177778105289264
1009,,,,,,0.7198415793040476
1010,,,,,,0.665330659483314
1011,,,,,,0.48637949309613715
1012,,,,,,0.42344185923045935
1013,,,,,,0.7655248443775937
1014,,,,,,0.6798060158550912
1015,,,,,,0.6304079963007692
1016,,,,,,0.6193121781379507
1017,,,,,,0.3922206774857252
1018,,,,,,0.7351728046370658
1019,,,,,,0.4053463582336084
1020,,,,,,0.4539819468735089
1021,,,,,,0.6263784020954283
1022,,,,,,0.5450721824789135
1023,,,,,,0.5313404166335626
1024,,,,,,0.5285905828891687
1025,,,,,,0.5946564116967463
1026,,,,,,0.5551761184749977
1027,,,,,,0.5603332735189834
1028,,,,,,0.6997137937204553
1029,,,,,,0.6018230617282866
1030,,,,,,0.5670122678662103
1031,,,,,,0.5841315271985547
1032,,,,,,0.6251757659113869
1033,,,,,,0.549742815855216
1034,,,,,,0.6677446548359638
1035,,,,,,0.5164437607361139
1036,,,,,,0.6047794939537482
1037,,,,,,0.6166556504324011
1038,,,,,,0.6355085773460709
1039,,,,,,0.5261716188412253
1040,,,,,,0.6820116174562625
1041,,,,,,0.5426998692604078
1042,,,,,,0.5938422570473493
1043,,,,,,0.731537740338231
1044,,,,,,0.6974680825287773
1045,,,,,,0.743116001915032
1046,,,,,,0.6867030372694078
1047,,,,,,0.7331909824286464
1048,,,,,,0.612769766236244
1049,,,,,,0.42486087108345605
1050,,,,,,0.5651867062082097
1051,,,,,,0.49194588510605836
1052,,,,,,0.6922212057156888
1053,,,,,,0.7288860346770057
1054,,,,,,0.8130765144616697
1055,,,,,,0.6530864213856019
1056,,,,,,0.40404605129191873
1057,,,,,,0.5432300003872135
1058,,,,,,0.3164563882166386
1059,,,,,,0.5066958241006772
1060,,,,,,0.5604363677460406
1061,,,,,,0.5308633670718171
1062,,,,,,0.4607209208193892
1063,,,,,,0.43043835374010014
1064,,,,,,0.5583017546142378
1065,,,,,,0.41661244016722393
1066,,,,,,0.48670114012285337
1067,,,,,,0.29835712037363954
1068,,,,,,0.4961634098241238
1069,,,,,,0.5250633989775083
1070,,,,,,0.4503702984496642
1071,,,,,,0.41482714511392466
1072,,,,,,0.3572768956165328
1073,,,,,,0.6104516682212477
1074,,,,,,0.6099038293765873
1075,,,,,,0.6160973027178028
1076,,,,,,0.6793526503797732
1077,,,,,,0.4933753030131881
1078,,,,,,0.5913915264024607
1079,,,,,,0.5533282417952293
1080,,,,,,0.5437733192728873
1081,,,,,,0.5204381323927674
1082,,,,,,0.212479815777676
1083,,,,,,0.459674680669152
1084,,,,,,0.48311197685467794
1085,,,,,,0.3229930864958147
1086,,,,,,0.37956282548770437
1087,,,,,,0.588827038461975
1088,,,,,,0.471549946297379
1089,,,,,,0.49558998736585025
1090,,,,,,0.47164454750990215
1091,,,,,,0.43229679688437095
1092,,,,,,0.5027530386952556
1093,,,,,,0.5728155978669384
1094,,,,,,0.5832613547061396
1095,,,,,,0.7139687898766961
1096,,,,,,0.37637282604357175
1097,,,,,,0.5582961815017656
1098,,,,,,0.5391419329412279
1099,,,,,,0.4865800652237502
1100,,,,,,0.32952059569849057
1101,,,,,,0.5624593164476265
1102,,,,,,0.447632312081753
1103,,,,,,0.6799467227254561
1104,,,,,,0.4673433223705636
1105,,,,,,0.2711703190385004
1106,,,,,,0.4677898942860698
1107,,,,,,0.2782577134493826
1108,,,,,,0.2603131945980908
1109,,,,,,0.49801595776101
1110,,,,,,0.481897716459233
1111,,,,,,0.37187149264205765
1112,,,,,,0.33967396423528207
1113,,,,,,0.40995512523596545
1114,,,,,,0.334555292970196
1115,,,,,,0.4591087384847477
1116,,,,,,0.42091398797172813
1117,,,,,,0.42795366355744596
1118,,,,,,0.35692523530581094
1119,,,,,,0.4632912373113549
1120,,,,,,0.5843226331341139
1121,,,,,,0.5077267883153649
1122,,,,,,0.46913828500763227
1123,,,,,,0.3705104805620893
1124,,,,,,0.35360289429222763
1125,,,,,,0.5429181476132672
1126,,,,,,0.6095266664335789
1127,,,,,,0.7179808807187475
1128,,,,,,0.5903668451492099
1129,,,,,,0.5076907539284576
1130,,,,,,0.5539311170521997
1131,,,,,,0.4661136795385107
1132,,,,,,0.5436745782662296
1133,,,,,,0.5071061802327311
1134,,,,,,0.5341575237556168
1135,,,,,,0.46948835876600686
1136,,,,,,0.5441807586956512
1137,,,,,,0.4285043108993142
1138,,,,,,0.5834852610546092
1139,,,,,,0.36599353648355776
1140,,,,,,0.6507411308125836
1141,,,,,,0.47980936884167624
1142,,,,,,0.5622419074414371
1143,,,,,,0.6106144688928455
1144,,,,,,0.7558103040016031
1145,,,,,,0.6644643102376496
1146,,,,,,0.6360314300180337
1147,,,,,,0.3737814465312418
1148,,,,,,0.5702150523915215
1149,,,,,,0.7072806275354335
1150,,,,,,0.5171918460863382
1151,,,,,,0.5249283311168575
1152,,,,,,0.7370403934592772
1153,,,,,,0.7000153756988731
1154,,,,,,0.658985703275065
1155,,,,,,0.7066240774550039
1156,,,,,,0.6891790231244147
1157,,,,,,0.6319060678643742
1158,,,,,,0.5689637311569533
1159,,,,,,0.7108767816819003
1160,,,,,,0.7430704667435815
1161,,,,,,0.744041939837541
1162,,,,,,0.3877322003629651
1163,,,,,,0.6192694777384137
1164,,,,,,0.5573959328013972
1165,,,,,,0.7768062654376497
1166,,,,,,0.5772752546226516
1167,,,,,,0.7210423729538873
1168,,,,,,0.6496388774707406
1169,,,,,,0.6300874336521455
1170,,,,,,0.6518328830620467
1171,,,,,,0.691777752232617
1172,,,,,,0.7053787592324121
1173,,,,,,0.7734728897244092
1174,,,,,,0.6065039314064046
1175,,,,,,0.5745980492378334
1176,,,,,,0.6296312120501079
1177,,,,,,0.4619831376336049
1178,,,,,,0.3770555030959119
1179,,,,,,0.6845709032234178
1180,,,,,,0.6836762992137494
1181,,,,,,0.6048023605871427
1182,,,,,,0.6743619109467317
1183,,,,,,0.6900143221995043
1184,,,,,,0.5473920435782826
1185,,,,,,0.7029358023270977
1186,,,,,,0.6170607369898917
1187,,,,,,0.7480805574706918
1188,,,,,,0.7596279919672233
1189,,,,,,0.6149329854321673
1190,,,,,,0.776104603801861
1191,,,,,,0.5599705691515533
1192,,,,,,0.6820714929009427
1193,,,,,,0.6683123369284572
1194,,,,,,0.6337223599675149
1195,,,,,,0.7353632847048023
1196,,,,,,0.7358367683950141
1197,,,,,,0.3170488563083083
1198,,,,,,0.6838947007037659
1199,,,,,,0.7867321706137804
1200,,,,,,0.7433149720950538
1201,,,,,,0.7742043488163598
1202,,,,,,0.7515060985324539
1203,,,,,,0.6380466413623505
1204,,,,,,0.7423503833144565
1205,,,,,,0.5474123892479756
1206,,,,,,0.7517800287774641
1207,,,,,,0.6118192691608612
1208,,,,,,0.7283533968467786
1209,,,,,,0.7225732410670953
1210,,,,,,0.7379639831648173
1211,,,,,,0.746380835346086
1212,,,,,,0.6485764627574997
1213,,,,,,0.5648712813277149
1214,,,,,,0.34063936625668995
1215,,,,,,0.34081517902286695
1216,,,,,,0.6392570000600349
1217,,,,,,0.6908137496086331
1218,,,,,,0.6326641904564329
1219,,,,,,0.5889861224971881
1220,,,,,,0.6457973988972168
1221,,,,,,0.64561246226068
1222,,,,,,0.5607568920534154
1223,,,,,,0.5114441701490446
1224,,,,,,0.6523779072126978
1225,,,,,,0.3875582012024405
1226,,,,,,0.569663184120983
1227,,,,,,0.411630925756046
1228,,,,,,0.5893504870585894
1229,,,,,,0.6784915825883876
1230,,,,,,0.5116650092702814
1231,,,,,,0.3802783487873759
1232,,,,,,0.6392167675735753
1233,,,,,,0.529005801936169
1234,,,,,,0.6329918615985682
1235,,,,,,0.22453952554174972
1236,,,,,,0.37586319431517967
1237,,,,,,0.5943140854008779
1238,,,,,,0.37843854893458184
1239,,,,,,0.5750814849855577
1240,,,,,,0.5655001724178249
1241,,,,,,0.6111627193356246
1242,,,,,,0.4609875235876412
1243,,,,,,0.6708598531158421
1244,,,,,,0.5964079079218653
1245,,,,,,0.5440211911870411
1246,,,,,,0.47970458363451807
1247,,,,,,0.5693237884176152
1248,,,,,,0.7601828988893791
1249,,,,,,0.6557618766346993
1250,,,,,,0.2458167049692851
1251,,,,,,0.5541018066774938
1252,,,,,,0.3868975489539333
1253,,,,,,0.7685445288991939
1254,,,,,,0.411536879715996
1255,,,,,,0.6563973511036073
1256,,,,,,0.5703759367968956
1257,,,,,,0.48878939707653674
1258,,,,,,0.6535549212266221
1259,,,,,,0.574500942795568
1260,,,,,,0.6432587904020772
1261,,,,,,0.6053728435545982
1262,,,,,,0.5146313708302895
1263,,,,,,0.44097752682127395
1264,,,,,,0.4298460829900532
1265,,,,,,0.3465706694086799
1266,,,,,,0.25793367424489333
1267,,,,,,0.6001325763690407
1268,,,,,,0.47422289100554055
1269,,,,,,0.5390654758797808
1270,,,,,,0.5491209855768856
1271,,,,,,0.5569346268343712
1272,,,,,,0.44400133223300897
1273,,,,,,0.760136729414798
1274,,,,,,0.5144046513896076
1275,,,,,,0.4427442732006761
1276,,,,,,0.7464248952645249
1277,,,,,,0.4510223888326839
1278,,,,,,0.652836006237166
1279,,,,,,0.4104095529515536
1280,,,,,,0.5990981085264517
1281,,,,,,0.6436122893675991
1282,,,,,,0.45770176182662914
1283,,,,,,0.7542320773552199
1284,,,,,,0.6500189605086611
1285,,,,,,0.15540500082013933
1286,,,,,,0.5878480468069166
1287,,,,,,0.6951565250493926
1288,,,,,,0.6956213780796621
1289,,,,,,0.685137058782904
1290,,,,,,0.6339989491509535
1291,,,,,,0.5635528239202973
1292,,,,,,0.564215582739313
1293,,,,,,0.35986782685161534
1294,,,,,,0.6712603255894782
1295,,,,,,0.5231692699965166
1296,,,,,,0.6141073945811467
1297,,,,,,0.6717121066839499
1298,,,,,,0.617488788468069
1299,,,,,,0.7013737394460287
1300,,,,,,0.4882072628386733
1301,,,,,,0.38731251071014977
1302,,,,,,0.20030595933744796
1303,,,,,,0.1923351497621057
1304,,,,,,0.456297691663301
1305,,,,,,0.6161439748686369
1306,,,,,,0.48144611475780114
1307,,,,,,0.4217606380230546
1308,,,,,,0.5092962596029554
1309,,,,,,0.485682822005282
1310,,,,,,0.44785271301432966
1311,,,,,,0.3866877416871462
1312,,,,,,0.539001636214805
1313,,,,,,0.2503742843737679
1314,,,,,,0.5035549862957636
1315,,,,,,0.2973307341642377
1316,,,,,,0.4646789552907683
1317,,,,,,0.5415330365437255
1318,,,,,,0.34496263317274145
1319,,,,,,0.21760917664085372
1320,,,,,,0.5962825966166141
1321,,,,,,0.48755423600233716
1322,,,,,,0.6201139896978518
1323,,,,,,0.4116736325346613
1324,,,,,,0.4400827229255238
1325,,,,,,0.5820337577461698
1326,,,,,,0.44401452946124337
1327,,,,,,0.4220124981097978
1328,,,,,,0.47637982992892014
1329,,,,,,0.5691999379160986
1330,,,,,,0.5035688865652911
1331,,,,,,0.6156926905485411
1332,,,,,,0.6229295651299585
1333,,,,,,0.6077255723677041
1334,,,,,,0.546544458437387
1335,,,,,,0.5229837248400457
1336,,,,,,0.47243252068956026
1337,,,,,,0.6590057884292096
1338,,,,,,0.3557871864844325
1339,,,,,,0.5552069602481321
1340,,,,,,0.4831858382323599
1341,,,,,,0.5189567100411652
1342,,,,,,0.4537214378669244
1343,,,,,,0.61166980386247
1344,,,,,,0.5594043814963808
1345,,,,,,0.5711198166887356
1346,,,,,,0.5267810778967508
1347,,,,,,0.5853958110646793
1348,,,,,,0.6032565827539338
1349,,,,,,0.6160599243235618
1350,,,,,,0.6243300344763955
1351,,,,,,0.4965466862336073
1352,,,,,,0.5127675806763229
1353,,,,,,0.3796843155622888
1354,,,,,,0.4750754854283136
1355,,,,,,0.6160554594506572
1356,,,,,,0.6604232139808378
1357,,,,,,0.6586085919160946
1358,,,,,,0.699217079314812
1359,,,,,,0.5582095362345683
1360,,,,,,0.4198902826192742
1361,,,,,,0.6220176912594663
1362,,,,,,0.6341334474079751
1363,,,,,,0.5320541095634412
1364,,,,,,0.5811987479305567
1365,,,,,,0.5649279153009165
1366,,,,,,0.4237970325890284
1367,,,,,,0.6310433242692081
1368,,,,,,0.6392105482328889
1369,,,,,,0.6147060428584408
1370,,,,,,0.5598729185226806
1371,,,,,,0.46746050075889634
1372,,,,,,0.48954345995247683
1373,,,,,,0.5485961752532899
1374,,,,,,0.4159304265332111
1375,,,,,,0.6727415556334048
1376,,,,,,0.5899621899033057
1377,,,,,,0.6212604753592853
1378,,,,,,0.51350492695889
1379,,,,,,0.5708955900234399
1380,,,,,,0.5627908113946033
1381,,,,,,0.6572422052277693
1382,,,,,,0.5590972941707045
1383,,,,,,0.550755800830821
1384,,,,,,0.5071614492497284
1385,,,,,,0.674331787153034
1386,,,,,,0.6991829175491362
1387,,,,,,0.48904413292298393
1388,,,,,,0.6700119042013271
1389,,,,,,0.5093276068108054
1390,,,,,,0.3850985189336136
1391,,,,,,0.37662411167182547
1392,,,,,,0.44193101628944603
1393,,,,,,0.5003255771501313
1394,,,,,,0.4896952745250252
1395,,,,,,0.4881993485514801
1396,,,,,,0.5801240932153463
1397,,,,,,0.45536071578286447
1398,,,,,,0.575039311855089
1399,,,,,,0.5167279783914717
1400,,,,,,0.6278708811805497
1401,,,,,,0.4675010826695368
1402,,,,,,0.527937075986747
1403,,,,,,0.574608480751306
1404,,,,,,0.4552103019454172
1405,,,,,,0.4915905451349474
1406,,,,,,0.4559839187800543
1407,,,,,,0.384939578177289
1408,,,,,,0.7082798594963243
1409,,,,,,0.54564672991532
1410,,,,,,0.6921684395564399
1411,,,,,,0.310186585071488
1412,,,,,,0.4998883235335212
1413,,,,,,0.6611779859581146
1414,,,,,,0.4914052061519916
1415,,,,,,0.5373155778243786
1416,,,,,,0.6203871162038924
1417,,,,,,0.6653869960662004
1418,,,,,,0.5408585514024304
1419,,,,,,0.7122169791057701
1420,,,,,,0.6723665216899007
1421,,,,,,0.5883324632393536
1422,,,,,,0.5352655247371261
1423,,,,,,0.6627789725839497
1424,,,,,,0.6705895009738694
1425,,,,,,0.69571131356546
1426,,,,,,0.3626956014317912
1427,,,,,,0.5753728839813644
1428,,,,,,0.4843297827085717
1429,,,,,,0.7178895240546574
1430,,,,,,0.48559853685039717
1431,,,,,,0.6809417271823155
1432,,,,,,0.5856002035301049
1433,,,,,,0.5265139587993071
1434,,,,,,0.6291771848718187
1435,,,,,,0.6460681330970702
1436,,,,,,0.641675389175161
1437,,,,,,0.7403437301326936
1438,,,,,,0.5611313475360616
1439,,,,,,0.5445957364312172
1440,,,,,,0.5207179538796275
1441,,,,,,0.4122537020001853
1442,,,,,,0.3116850272573508
1443,,,,,,0.7368329044227797
1444,,,,,,0.6362964259691352
1445,,,,,,0.683308856248897
1446,,,,,,0.6836878846937229
1447,,,,,,0.5940046479977827
1448,,,,,,0.40506829036016606
1449,,,,,,0.8059918666489657
1450,,,,,,0.6318688039526608
1451,,,,,,0.5079566421067988
1452,,,,,,0.7140913827043444
1453,,,,,,0.7170406592941122
1454,,,,,,0.5347557058834609
1455,,,,,,0.7453747387271065
1456,,,,,,0.5180937883735839
1457,,,,,,0.6412065445749544
1458,,,,,,0.644506339264668
1459,,,,,,0.5361433132269092
1460,,,,,,0.7179704789634902
1461,,,,,,0.6907889090431706
1462,,,,,,0.2923655004538673
1463,,,,,,0.6571824306607544
1464,,,,,,0.784951974881649
1465,,,,,,0.6916374259669368
1466,,,,,,0.6734356030647128
1467,,,,,,0.6573275301004737
1468,,,,,,0.6957521886312984
1469,,,,,,0.44867664805830065
1470,,,,,,0.7255114055242249
1471,,,,,,0.545225196233486
1472,,,,,,0.6443307423753913
1473,,,,,,0.746574845179328
1474,,,,,,0.6974020069703671
1475,,,,,,0.6496197897106846
1476,,,,,,0.6345282386166434
1477,,,,,,0.5235081213512984
1478,,,,,,0.2934192144542748
1479,,,,,,0.29919042418632097
1480,,,,,,0.473456846904912
1481,,,,,,0.5942673092217122
1482,,,,,,0.507241224861395
1483,,,,,,0.5752667614716883
1484,,,,,,0.5918293473290882
1485,,,,,,0.5434158007311434
1486,,,,,,0.5073143117514054
1487,,,,,,0.49840096163221204
1488,,,,,,0.5850996073593349
1489,,,,,,0.3672619769809082
1490,,,,,,0.5115938913589685
1491,,,,,,0.4467519347947666
1492,,,,,,0.545266763861989
1493,,,,,,0.6065818255001506
1494,,,,,,0.4227386559476859
1495,,,,,,0.3058137255064095
1496,,,,,,0.6661404660613031
1497,,,,,,0.6432551308224606
1498,,,,,,0.6738336981257034
1499,,,,,,0.40327624737754264
1500,,,,,,0.5974858362057677
1501,,,,,,0.7830155288798057
1502,,,,,,0.619207615136722
1503,,,,,,0.49259556453557385
1504,,,,,,0.7471919514695969
1505,,,,,,0.6729297441262897
1506,,,,,,0.7311846691027198
1507,,,,,,0.6930391062609187
1508,,,,,,0.6757000738279451
1509,,,,,,0.6992914262682581
1510,,,,,,0.6140172497976992
1511,,,,,,0.7076979610439189
1512,,,,,,0.6251655126644107
1513,,,,,,0.6840252538337139
1514,,,,,,0.4343815159407627
1515,,,,,,0.5607660956638643
1516,,,,,,0.5532529123549168
1517,,,,,,0.6432901971632423
1518,,,,,,0.5980695361772097
1519,,,,,,0.6890978082649452
1520,,,,,,0.6962113919933552
1521,,,,,,0.6134766155278363
1522,,,,,,0.5620857758294576
1523,,,,,,0.77901822072107
1524,,,,,,0.642406408894105
1525,,,,,,0.724382697435631
1526,,,,,,0.6881232882016708
1527,,,,,,0.6720484485223234
1528,,,,,,0.7499287335656815
1529,,,,,,0.4539058309785555
1530,,,,,,0.48786195814655425
1531,,,,,,0.7510642776818789
1532,,,,,,0.7590143685755352
1533,,,,,,0.6257820875179478
1534,,,,,,0.6779621876424546
1535,,,,,,0.7411705672378126
1536,,,,,,0.5144815693644073
1537,,,,,,0.7386802794188377
1538,,,,,,0.7416612468146824
1539,,,,,,0.6889331623202494
1540,,,,,,0.6673718395857048
1541,,,,,,0.6057286150590554
1542,,,,,,0.7119310991214706
1543,,,,,,0.7714758500494391
1544,,,,,,0.6035517927490978
1545,,,,,,0.6944814435472931
1546,,,,,,0.6011336841735191
1547,,,,,,0.7201625536731007
1548,,,,,,0.6510244927033751
1549,,,,,,0.7352383538070405
1550,,,,,,0.43904927430967833
1551,,,,,,0.6478003468844226
1552,,,,,,0.764391657598078
1553,,,,,,0.6825810620186498
1554,,,,,,0.7687748207037947
1555,,,,,,0.785594791289136
1556,,,,,,0.6862400787365135
1557,,,,,,0.5934316903518791
1558,,,,,,0.7589164176138776
1559,,,,,,0.6344372693985283
1560,,,,,,0.7448505628005356
1561,,,,,,0.7031576856021601
1562,,,,,,0.7705624077545117
1563,,,,,,0.71537470696883
1564,,,,,,0.7093039532297902
1565,,,,,,0.6224270593808859
1566,,,,,,0.407905897707618
1567,,,,,,0.3536596589539184
1568,,,,,,0.670411396733041
1569,,,,,,0.6308317617640516
1570,,,,,,0.6410459771530521
1571,,,,,,0.7246647949034432
1572,,,,,,0.7168762413197446
1573,,,,,,0.7038990220945033
1574,,,,,,0.619962106731609
1575,,,,,,0.5930021976966776
1576,,,,,,0.6540317820182541
1577,,,,,,0.4052524526730919
1578,,,,,,0.5912450835760789
1579,,,,,,0.5073459162539311
1580,,,,,,0.5924500599761483
1581,,,,,,0.7846956397028401
1582,,,,,,0.5507026144208813
1583,,,,,,0.423410097713712
1584,,,,,,0.473053581913455
1585,,,,,,0.4088026270347656
1586,,,,,,0.5397270915737494
1587,,,,,,0.3382184544598137
1588,,,,,,0.43676174092399234
1589,,,,,,0.46679796742651286
1590,,,,,,0.3718362030828213
1591,,,,,,0.2833845799282064
1592,,,,,,0.41677324472862065
1593,,,,,,0.6013749755836952
1594,,,,,,0.5475443384342661
1595,,,,,,0.4697106576054601
1596,,,,,,0.5881839001525073
1597,,,,,,0.5828721938702524
1598,,,,,,0.48499682714586767
1599,,,,,,0.45767590629039023
1600,,,,,,0.43770048179320054
1601,,,,,,0.5812824508755813
1602,,,,,,0.34817249141557005
1603,,,,,,0.6134062142956329
1604,,,,,,0.4713008989831701
1605,,,,,,0.41452756464806895
1606,,,,,,0.4004498617581737
1607,,,,,,0.4615054583704738
1608,,,,,,0.5899348028256104
1609,,,,,,0.5420535424336881
1610,,,,,,0.43332099076781655
1611,,,,,,0.5256328760361006
1612,,,,,,0.5270057794073663
1613,,,,,,0.5106240501254407
1614,,,,,,0.6018266600518516
1615,,,,,,0.5220217964303142
1616,,,,,,0.5075358320736117
1617,,,,,,0.412700172124591
1618,,,,,,0.5681291278522738
1619,,,,,,0.5742144494160681
1620,,,,,,0.6009019244991831
1621,,,,,,0.660989518917505
1622,,,,,,0.623604201339888
1623,,,,,,0.5506379303539398
1624,,,,,,0.5178809729565831
1625,,,,,,0.4924074190071648
1626,,,,,,0.6966698325879517
1627,,,,,,0.557452204780316
1628,,,,,,0.45351599934774345
1629,,,,,,0.34106633385520724
1630,,,,,,0.3849073634748889
1631,,,,,,0.571508387418143
1632,,,,,,0.6697880339625313
1633,,,,,,0.5162050226344903
1634,,,,,,0.47090082354072854
1635,,,,,,0.5100599354897346
1636,,,,,,0.32940193944627444
1637,,,,,,0.3505659557033062
1638,,,,,,0.5057165845794154
1639,,,,,,0.4952430579069337
1640,,,,,,0.46105239765846884
1641,,,,,,0.41442790844759164
1642,,,,,,0.3909855558965752
1643,,,,,,0.4203731733820538
1644,,,,,,0.4497332734494702
1645,,,,,,0.44463819632668355
1646,,,,,,0.4251724836923876
1647,,,,,,0.6113115279230946
1648,,,,,,0.4512606479188135
1649,,,,,,0.6169333593289136
1650,,,,,,0.6078614983935172
1651,,,,,,0.38904156932502654
1652,,,,,,0.654159395792761
1653,,,,,,0.5218499285977901
1654,,,,,,0.3601345474999308
1655,,,,,,0.3895923691910972
1656,,,,,,0.4734514816401657
1657,,,,,,0.44498378627001334
1658,,,,,,0.4942325739901891
1659,,,,,,0.4602836616988147
1660,,,,,,0.6325464038245454
1661,,,,,,0.5029579791571755
1662,,,,,,0.5724719868249801
1663,,,,,,0.5444490648265442
1664,,,,,,0.6101194834269473
1665,,,,,,0.5151430651927602
1666,,,,,,0.5729601842867079
1667,,,,,,0.5845493207630513
1668,,,,,,0.4218923521845923
1669,,,,,,0.5135392489223267
1670,,,,,,0.4432027255737258
1671,,,,,,0.4881185477803734
1672,,,,,,0.7060896557537482
1673,,,,,,0.5415633243369551
1674,,,,,,0.7174469219314736
1675,,,,,,0.3628391534253932
1676,,,,,,0.5339297466211129
1677,,,,,,0.6582059764816166
1678,,,,,,0.4913086019506118
1679,,,,,,0.5315053172180736
1680,,,,,,0.598451911685052
1681,,,,,,0.7270830358513534
1682,,,,,,0.6110478399003967
1683,,,,,,0.6805803093941502
1684,,,,,,0.7438203352904643
1685,,,,,,0.63341692114075
1686,,,,,,0.639325630956075
1687,,,,,,0.6206734464259618
1688,,,,,,0.6138771389036546
1689,,,,,,0.7151270327314164
1690,,,,,,0.40901409846264786
1691,,,,,,0.6111216149078506
1692,,,,,,0.49440498854517906
1693,,,,,,0.699033136992295
1694,,,,,,0.4804890293492734
1695,,,,,,0.6806539965783224
1696,,,,,,0.6313890808415946
1697,,,,,,0.5631820524187995
1698,,,,,,0.6288966306955461
1699,,,,,,0.6661526550641578
1700,,,,,,0.6871509263199276
1701,,,,,,0.6774150423341821
1702,,,,,,0.5762090564263953
1703,,,,,,0.6187934841997806
1704,,,,,,0.5403264535281831
1705,,,,,,0.48370788293580763
1706,,,,,,0.44962481792768844
1707,,,,,,0.7703056560686758
1708,,,,,,0.5674278506323966
1709,,,,,,0.7251007423537172
1710,,,,,,0.6768023541240414
1711,,,,,,0.6294649920609701
1712,,,,,,0.49094411735493493
1713,,,,,,0.7335471896418614
1714,,,,,,0.7000917052201182
1715,,,,,,0.6090217317878629
1716,,,,,,0.6834220926788556
1717,,,,,,0.6765076378211599
1718,,,,,,0.5311123947806009
1719,,,,,,0.698140152891182
1720,,,,,,0.6032463441595677
1721,,,,,,0.7038119604309331
1722,,,,,,0.6483217421219318
1723,,,,,,0.5995818576538042
1724,,,,,,0.6499134100687548
1725,,,,,,0.6141293660747957
1726,,,,,,0.41115036613592393
1727,,,,,,0.6064650038664734
1728,,,,,,0.6821034456894061
1729,,,,,,0.6490028617929102
1730,,,,,,0.7369033338856383
1731,,,,,,0.6476473772050199
1732,,,,,,0.7093370812582721
1733,,,,,,0.643296530097678
1734,,,,,,0.5767839690757839
1735,,,,,,0.6856903188797424
1736,,,,,,0.5971935218059062
1737,,,,,,0.6234820018069953
1738,,,,,,0.6959135294313402
1739,,,,,,0.6432976368004232
1740,,,,,,0.6972699084198831
1741,,,,,,0.6023497856918197
1742,,,,,,0.3429067255355031
1743,,,,,,0.3613414722249823
1744,,,,,,0.5135388954028397
1745,,,,,,0.6537885492208473
1746,,,,,,0.5278093888797343
1747,,,,,,0.5656153072214184
1748,,,,,,0.6905649788681756
1749,,,,,,0.6272214459003497
1750,,,,,,0.6357786162550889
1751,,,,,,0.5340690127516353
1752,,,,,,0.5988304579678864
1753,,,,,,0.44163181167786
1754,,,,,,0.6021653322290152
1755,,,,,,0.5082149551991466
1756,,,,,,0.5842782075396765
1757,,,,,,0.673309072266745
1758,,,,,,0.47265086221109676
1759,,,,,,0.3844312380105602
1760,,,,,,0.8103544105023336
1761,,,,,,0.6995897688110082
1762,,,,,,0.6083331094419777
1763,,,,,,0.29245213243567997
1764,,,,,,0.5087948087267351
1765,,,,,,0.7293589645829512
1766,,,,,,0.5491022224234422
1767,,,,,,0.4972589418139203
1768,,,,,,0.6933015194566032
1769,,,,,,0.5840650629695955
1770,,,,,,0.6841284596055215
1771,,,,,,0.7228736948109022
1772,,,,,,0.6397978681824121
1773,,,,,,0.5736362534726847
1774,,,,,,0.6265304473623496
1775,,,,,,0.7152700850945756
1776,,,,,,0.6742534993731625
1777,,,,,,0.6996597981067421
1778,,,,,,0.33898111937709546
1779,,,,,,0.622874109377397
1780,,,,,,0.5020588721357441
1781,,,,,,0.7557496390824757
1782,,,,,,0.6410246938743499
1783,,,,,,0.7133016053389502
1784,,,,,,0.6941916764488509
1785,,,,,,0.7024501365041776
1786,,,,,,0.6148201834557802
1787,,,,,,0.743303075221566
1788,,,,,,0.7276317061308155
1789,,,,,,0.7898130690804778
1790,,,,,,0.6717274859117951
1791,,,,,,0.6186028827555337
1792,,,,,,0.634865614420144
1793,,,,,,0.4617205915046561
1794,,,,,,0.402702074491599
1795,,,,,,0.7159132381670833
1796,,,,,,0.6341426891412244
1797,,,,,,0.6423252173580156
1798,,,,,,0.6052854170630897
1799,,,,,,0.7362938853330007
1800,,,,,,0.5328516436615107
1801,,,,,,0.7655416961685301
1802,,,,,,0.698029517145723
1803,,,,,,0.6544773632721554
1804,,,,,,0.7515331587842328
1805,,,,,,0.6933088508506556
1806,,,,,,0.6296636514218472
1807,,,,,,0.7322464323583627
1808,,,,,,0.517063418401285
1809,,,,,,0.7134472797880215
1810,,,,,,0.7208340417884934
1811,,,,,,0.6500885031084956
1812,,,,,,0.7080099916057561
1813,,,,,,0.7454884049709453
1814,,,,,,0.2842734414834972
1815,,,,,,0.6529694645797464
1816,,,,,,0.7075337546354782
1817,,,,,,0.7628554681672766
1818,,,,,,0.7040684315021412
1819,,,,,,0.769097177269614
1820,,,,,,0.6783203038228743
1821,,,,,,0.7286782656477521
1822,,,,,,0.5267280466026099
1823,,,,,,0.7060315324906222
1824,,,,,,0.6472820623394473
1825,,,,,,0.713459129600194
1826,,,,,,0.6959107210348934
1827,,,,,,0.7146579532593539
1828,,,,,,0.7438923796717103
1829,,,,,,0.5244682193689488
1830,,,,,,0.30179763704900187
1831,,,,,,0.3429616906268936
1832,,,,,,0.6766413652016118
1833,,,,,,0.7174736988183908
1834,,,,,,0.6888388237997936
1835,,,,,,0.6095160440538409
1836,,,,,,0.6746683837931773
1837,,,,,,0.6547068330124032
1838,,,,,,0.5263590947571464
1839,,,,,,0.47425210585732924
1840,,,,,,0.6501742212463566
1841,,,,,,0.3465442900181969
1842,,,,,,0.6528230921670969
1843,,,,,,0.3876738365598029
1844,,,,,,0.5414823264964245
1845,,,,,,0.7633112148089702
1846,,,,,,0.4538695030722475
1847,,,,,,0.3166411712192907
1848,,,,,,0.48896335509188055
1849,,,,,,0.647804926811778
1850,,,,,,0.43785313494602085
1851,,,,,,0.5236923150918992
1852,,,,,,0.6356253051454701
1853,,,,,,0.6415811726375897
1854,,,,,,0.5245939107129904
1855,,,,,,0.4574786684654063
1856,,,,,,0.6955203545335754
1857,,,,,,0.5531900898998104
1858,,,,,,0.6806274429726576
1859,,,,,,0.4437192042095
1860,,,,,,0.5914821212624696
1861,,,,,,0.5956848560998164
1862,,,,,,0.55675776998776
1863,,,,,,0.6199500338649881
1864,,,,,,0.4878007991740535
1865,,,,,,0.6109844414459986
1866,,,,,,0.585195979858211
1867,,,,,,0.5923470439721904
1868,,,,,,0.7213037967037039
1869,,,,,,0.5907341546331288
1870,,,,,,0.6550962354624678
1871,,,,,,0.6155392707401867
1872,,,,,,0.6156816923359245
1873,,,,,,0.5991252690669362
1874,,,,,,0.39305651047867207
1875,,,,,,0.6200250803419337
1876,,,,,,0.5439823713782663
1877,,,,,,0.4935380455013912
1878,,,,,,0.452878053477674
1879,,,,,,0.640744489923145
1880,,,,,,0.6378379855084655
1881,,,,,,0.6323166597942902
1882,,,,,,0.5328818666352431
1883,,,,,,0.6028228580264721
1884,,,,,,0.592214837099922
1885,,,,,,0.5137022332006956
1886,,,,,,0.5818418327988715
1887,,,,,,0.6929381820426521
1888,,,,,,0.6149169443739056
1889,,,,,,0.5664767905284913
1890,,,,,,0.6917318894918765
1891,,,,,,0.6873610059848462
1892,,,,,,0.5367723112772309
1893,,,,,,0.42053691325908704
1894,,,,,,0.6790348060053906
1895,,,,,,0.5906839809630674
1896,,,,,,0.6795515711320961
1897,,,,,,0.5650942548271309
1898,,,,,,0.4099985222214168
1899,,,,,,0.7169314615450104
1900,,,,,,0.4654244691493936
1901,,,,,,0.4669988313417933
1902,,,,,,0.575501414813546
1903,,,,,,0.5885796369247548
1904,,,,,,0.5269227754378482
1905,,,,,,0.4581740058238689
1906,,,,,,0.5560397269611532
1907,,,,,,0.5759688591883265
1908,,,,,,0.5672055426407118
1909,,,,,,0.6479482343860696
1910,,,,,,0.5492961194480714
1911,,,,,,0.5748683222956752
1912,,,,,,0.5298538992927356
1913,,,,,,0.6893545685071911
1914,,,,,,0.6098176833077602
1915,,,,,,0.5787965118363877
1916,,,,,,0.5816468535039389
1917,,,,,,0.4665911333338504
1918,,,,,,0.5314058758012907
1919,,,,,,0.5655745662264571
1920,,,,,,0.7042251153908693
1921,,,,,,0.5980758705067498
1922,,,,,,0.6450463302328031
1923,,,,,,0.6473862257957076
1924,,,,,,0.6216296510595324
1925,,,,,,0.6117243985654166
1926,,,,,,0.6591077223235864
1927,,,,,,0.49669273231830513
1928,,,,,,0.5987111855427503
1929,,,,,,0.4984453605151377
1930,,,,,,0.5563569366359002
1931,,,,,,0.5302410390836431
1932,,,,,,0.6599749814609304
1933,,,,,,0.6768555381772646
1934,,,,,,0.621196088136715
1935,,,,,,0.6048394123675511
1936,,,,,,0.30107472589262957
1937,,,,,,0.47919965209855525
1938,,,,,,0.2026031225449334
1939,,,,,,0.5191872802341803
1940,,,,,,0.5997825169875327
1941,,,,,,0.422242200385606
1942,,,,,,0.5473365281328538
1943,,,,,,0.37041058236477337
1944,,,,,,0.5306552311865015
1945,,,,,,0.30616132605199325
1946,,,,,,0.4618011934439968
1947,,,,,,0.14970945136377967
1948,,,,,,0.3813116847177291
1949,,,,,,0.44387595416035314
1950,,,,,,0.38580963627399123
1951,,,,,,0.3372680470820338
1952,,,,,,0.18841919197815346
1953,,,,,,0.49696353502241397
1954,,,,,,0.5793047045013141
1955,,,,,,0.38197759204056714
1956,,,,,,0.6197628272374673
1957,,,,,,0.32304247235412004
1958,,,,,,0.5440938525534891
1959,,,,,,0.4303957010850037
1960,,,,,,0.44057496605002394
1961,,,,,,0.41717327528329873
1962,,,,,,0.09045091363689985
1963,,,,,,0.3318011265355485
1964,,,,,,0.2720329362257896
1965,,,,,,0.20530402295520822
1966,,,,,,0.2522923704448325
1967,,,,,,0.4868838148965239
1968,,,,,,0.5219498121197959
1969,,,,,,0.7383793550830823
1970,,,,,,0.47375783822282636
1971,,,,,,0.34731633146276114
1972,,,,,,0.40697982523621934
1973,,,,,,0.31083118001874016
1974,,,,,,0.4542874781792598
1975,,,,,,0.44508766690127977
1976,,,,,,0.5556725868122957
1977,,,,,,0.2802485805996846
1978,,,,,,0.502625531900964
1979,,,,,,0.48026752682671225
1980,,,,,,0.32570957565758923
1981,,,,,,0.20730569775641008
1982,,,,,,0.535819310719488
1983,,,,,,0.3360240297585327
1984,,,,,,0.5071678192920818
1985,,,,,,0.39394469350291256
1986,,,,,,0.09895557267384877
1987,,,,,,0.44258770993869717
1988,,,,,,0.06882072231045169
1989,,,,,,0.12861587826421847
1990,,,,,,0.5314864737766027
1991,,,,,,0.42097724420743077
1992,,,,,,0.22936703966445027
1993,,,,,,0.2008721990811785
1994,,,,,,0.3408192972625373
1995,,,,,,0.1902327998556062
1996,,,,,,0.34218925205685546
1997,,,,,,0.34140333175645854
1998,,,,,,0.38729025541391854
1999,,,,,,0.31526535949183193
2000,,,,,,0.3245764529404366
2001,,,,,,0.40899674508958295
2002,,,,,,0.38719710656161416
2003,,,,,,0.36524777209054454
2004,,,,,,0.22713784794748584
2005,,,,,,0.31089770723063853
2006,,,,,,0.46728993321395007
2007,,,,,,0.6332850107867681
2008,,,,,,0.5055359406667534
2009,,,,,,0.4139464036631576
2010,,,,,,0.4336035083812789
2011,,,,,,0.44592326858199566
2012,,,,,,0.4622187040133217
2013,,,,,,0.5503581307530878
2014,,,,,,0.4036320138132819
2015,,,,,,0.49634558031271714
2016,,,,,,0.4146368908757441
2017,,,,,,0.4038091140226323
2018,,,,,,0.4736453528085928
2019,,,,,,0.3308062225744954
2020,,,,,,0.6367222261252639
2021,,,,,,0.3368963502144601
2022,,,,,,0.6449700750563345
2023,,,,,,0.5871356399532941
2024,,,,,,0.6939612338904936
2025,,,,,,0.6788536588064097
2026,,,,,,0.588220044134153
2027,,,,,,0.26046406585416787
2028,,,,,,0.607107024854562
2029,,,,,,0.7481882791588134
2030,,,,,,0.5201481368563069
2031,,,,,,0.5224826858347748
2032,,,,,,0.7088836428761237
2033,,,,,,0.5857641839146746
2034,,,,,,0.6128667722349991
2035,,,,,,0.6337605211073608
2036,,,,,,0.6822134768376197
2037,,,,,,0.6035416102768844
2038,,,,,,0.5494017288122413
2039,,,,,,0.7378800802016016
2040,,,,,,0.6439503518308056
2041,,,,,,0.6916236938460917
2042,,,,,,0.4136286039839557
2043,,,,,,0.674813397479606
2044,,,,,,0.5684058899529382
2045,,,,,,0.7233524859594382
2046,,,,,,0.7041824012158009
2047,,,,,,0.6837355142343051
2048,,,,,,0.7508375230620896
2049,,,,,,0.7398498973098803
2050,,,,,,0.552475719128075
2051,,,,,,0.7722098742966969
2052,,,,,,0.6600877824890304
2053,,,,,,0.6984230012640988
2054,,,,,,0.6784930386885499
2055,,,,,,0.6883989296729464
2056,,,,,,0.6228367152019741
2057,,,,,,0.5276221686891728
2058,,,,,,0.40952487599958887
2059,,,,,,0.6625711186358715
2060,,,,,,0.6500896908829245
2061,,,,,,0.630347361491706
2062,,,,,,0.5885700656338527
2063,,,,,,0.7253710659280513
2064,,,,,,0.6163716980378587
2065,,,,,,0.7054107777175675
2066,,,,,,0.7175140273664671
2067,,,,,,0.7132260271595381
2068,,,,,,0.7494397320399128
2069,,,,,,0.6007024986657149
2070,,,,,,0.6605388054317946
2071,,,,,,0.7313474161963317
2072,,,,,,0.5516440215420673
2073,,,,,,0.6477861554963702
2074,,,,,,0.6575002604393447
2075,,,,,,0.6515733204668397
2076,,,,,,0.6560768146838946
2077,,,,,,0.6228159982807081
2078,,,,,,0.3583790744629555
2079,,,,,,0.6041670511407451
2080,,,,,,0.6668327480701461
2081,,,,,,0.6927044755020209
2082,,,,,,0.6339622617133661
2083,,,,,,0.7127565583450729
2084,,,,,,0.6474514329672942
2085,,,,,,0.6908594228605247
2086,,,,,,0.5263626123712752
2087,,,,,,0.6099518035081302
2088,,,,,,0.6279385590293538
2089,,,,,,0.7011100686147906
2090,,,,,,0.6026824024967207
2091,,,,,,0.7512715245498012
2092,,,,,,0.6616534249145968
2093,,,,,,0.609393294296098
2094,,,,,,0.5924267403693455
2095,,,,,,0.3571898466938264
2096,,,,,,0.3640185089435814
2097,,,,,,0.694980830099829
2098,,,,,,0.6744491518328091
2099,,,,,,0.6147949259198604
2100,,,,,,0.7100779187906546
2101,,,,,,0.6452181314320157
2102,,,,,,0.5493877523728001
2103,,,,,,0.5466238556739077
2104,,,,,,0.6735469603589503
2105,,,,,,0.3599893516539909
2106,,,,,,0.664126488490375
2107,,,,,,0.37179952938228167
2108,,,,,,0.5870865974114583
2109,,,,,,0.7076855723533144
2110,,,,,,0.46889748617813404
2111,,,,,,0.39411052978626643
2112,,,,,,0.27187565222917254
2113,,,,,,0.5056794175021643
2114,,,,,,0.3238676173981171
2115,,,,,,0.5182202922764548
2116,,,,,,0.6731367812513648
2117,,,,,,0.4865698003729836
2118,,,,,,0.704405767125661
2119,,,,,,0.4971930147320478
2120,,,,,,0.6251259261807971
2121,,,,,,0.4431672159597684
2122,,,,,,0.6157808292146754
2123,,,,,,0.1866136018267145
2124,,,,,,0.45523487050684286
2125,,,,,,0.6207408877428421
2126,,,,,,0.4599211012485583
2127,,,,,,0.4176291610191469
2128,,,,,,0.26369938608440396
2129,,,,,,0.5087052620439636
2130,,,,,,0.7382300942521777
2131,,,,,,0.41907572100762086
2132,,,,,,0.5860639416255031
2133,,,,,,0.2632750980887055
2134,,,,,,0.5476735842308808
2135,,,,,,0.3667892800428201
2136,,,,,,0.5680277049707824
2137,,,,,,0.4317455892016615
2138,,,,,,0.11806777447327005
2139,,,,,,0.4396011349560042
2140,,,,,,0.1892880246628847
2141,,,,,,0.2724235376572928
2142,,,,,,0.35449617650209697
2143,,,,,,0.6095632532268832
2144,,,,,,0.7204674050054702
2145,,,,,,0.5138479439801632
2146,,,,,,0.46608598393237527
2147,,,,,,0.44589964517966224
2148,,,,,,0.5367757919752026
2149,,,,,,0.280521242449999
2150,,,,,,0.43714321900445474
2151,,,,,,0.45686918461085
2152,,,,,,0.5215091013605748
2153,,,,,,0.3160127181110165
2154,,,,,,0.5906830517873537
2155,,,,,,0.5241753978122946
2156,,,,,,0.25134665577118187
2157,,,,,,0.21193046743066707
2158,,,,,,0.6470885594624564
2159,,,,,,0.4333570677498512
2160,,,,,,0.6063170910338254
2161,,,,,,0.44112542420614104
2162,,,,,,0.12473426792978161
2163,,,,,,0.5997200066879977
2164,,,,,,0.131555319250182
2165,,,,,,0.16175269217052937
2166,,,,,,0.6182397417594201
2167,,,,,,0.4246417271228374
2168,,,,,,0.3010283890739175
2169,,,,,,0.26945117125314577
2170,,,,,,0.4312480424928622
2171,,,,,,0.3042154866434376
2172,,,,,,0.42474447019806244
2173,,,,,,0.4480010198171177
2174,,,,,,0.47078004747637825
2175,,,,,,0.4233535222299919
2176,,,,,,0.3366750349532871
2177,,,,,,0.4522335352184195
2178,,,,,,0.4048605905427877
2179,,,,,,0.44883712913503876
2180,,,,,,0.24932477373036466
2181,,,,,,0.3904238509605465
2182,,,,,,0.5656179959744756
2183,,,,,,0.6690654816841367
2184,,,,,,0.5984891405505556
2185,,,,,,0.5693262366991895
2186,,,,,,0.37481351092627213
2187,,,,,,0.4265125015181305
2188,,,,,,0.6384523504715718
2189,,,,,,0.5344120887718922
2190,,,,,,0.6798939949208311
2191,,,,,,0.610822914838607
2192,,,,,,0.6497467176705136
2193,,,,,,0.42922173449082573
2194,,,,,,0.4490501079377577
2195,,,,,,0.38973096003955127
2196,,,,,,0.49146199767808063
2197,,,,,,0.7076774790518126
2198,,,,,,0.4677344045233086
2199,,,,,,0.7515191449590768
